author_id,created_at,text
SouthwestAir,2022-06-02 10:47:00.073215,"@119398 We know how you feel, Monique. Thanks for hanging with us as we work to get you on your way! ^SL"
119398,2022-06-02 10:47:00.175226,@SouthwestAir I luh yall but what's the point of being early if we have to sit and wait on a gate? ijs...
SouthwestAir,2022-06-02 10:47:00.276808,"@119399 We're always happy to give you a lift, Amanda! Thanks for thinking of us to meet your travel needs today. See you soon! ^MK"
119399,2022-06-02 10:47:00.379027,Thank you @SouthwestAir for getting me back to ATL safely https://t.co/7byaQSVw9E
AppleSupport,2022-06-02 10:47:00.480065,"@119400 Having a reliable iPhone is important, and we want you to enjoy using it without worrying about battery life. Which iPhone do you have, and what's the iOS version it's currently running? DM us with details here: https://t.co/GDrqU22YpT"
119400,2022-06-02 10:47:00.581097,Anyone else having battery issues in IPhone? Degrading way to fast. @AppleSupport
SouthwestAir,2022-06-02 10:47:00.690806,"@119401 We're disheartened to see this, Shane. Did you file a baggage report with an Agent at the airport? ^MA"
119401,2022-06-02 10:47:00.793435,"@SouthwestAir We just got home saw it now. We figured the grey bag was to protect it, maybe a zipper broke. But we found the bag destroyed and covered up."
SouthwestAir,2022-06-02 10:47:00.896203,@119401 We're sorry to hear that. We do need such damages reported. Please call our Baggage Team at 1-888-202-1024 for assistance. ^MA
119401,2022-06-02 10:47:01.007543,"@SouthwestAir Already have. Problem is, getting married in a few days, fiance clothes are gone and only given a courtesy report with a follow up on friday"
SouthwestAir,2022-06-02 10:47:01.111854,@119401 We truly regret the frustration. It's never our intention to let you down. Please continue to work w/ our Baggage Team in this matter. ^MA
119401,2022-06-02 10:47:01.212976,"@SouthwestAir Frequent fliers on Southwest, just flew in for our wedding and found our checked bag in a trash bag, burned, tripped, and clothes ruined https://t.co/GqNzfUdL8v"
hulu_support,2022-06-02 10:47:01.320692,"@119402 Yikes! What model number is your LG TV? Do any errors pop up when it crashes? For now, work through: https://t.co/HXpLyTU79x."
119402,2022-06-02 10:47:01.422373,Amazing a year later and this still hasn't been fixed. @hulu_support @115940 @118302 https://t.co/Wbp9igOEqs
AmazonHelp,2022-06-02 10:47:01.525762,@119403 Please let us know if doesn't arrive by Friday! We'd like to help! ^ZW
119403,2022-06-02 10:47:01.628136,@AmazonHelp Hey so my package has not arrived yet. Can I get this sorted please
AmazonHelp,2022-06-02 10:47:01.729912,"@119403 While we can't access order or account details through social media, we'd still like to help! Please reach us directly via phone or chat so we can investigate: https://t.co/JzP7hlA23B ^CS"
119403,2022-06-02 10:47:01.830797,@AmazonHelp I will just a bit frustrating thatâ€™s all considering it was on amazon prime
119403,2022-06-02 10:47:01.937439,@AmazonHelp You have and itâ€™s been pushed (again) to Friday or possibly Saturday or god forbid Monday. Was told it would be diverted by 8pm tonight.
AmazonHelp,2022-06-02 10:47:02.038733,@119403 I'm sorry for the delay! Have we provided an updated delivery estimate for your order? Please check here: https://t.co/mm84Ic925f ^MB
119403,2022-06-02 10:47:02.140365,@115830 thank you for delaying my package again and again. Not like I wanted it or anything
hulu_support,2022-06-02 10:47:02.251716,"@119404 Sorry for any frustration. For full pricing details, please see: https://t.co/777zhIf5hM. We'll share the feedback."
119404,2022-06-02 10:47:02.353587,Wow. Talk about price gouging. https://t.co/kq6BGHO8DQ
hulu_support,2022-06-02 10:47:02.455334,@119405 Uh oh! On what device are you experiencing buffering? Any specific channel affected? Please try: https://t.co/HXpLyTU79x.
119405,2022-06-02 10:47:02.556480,@119406 @119407 @hulu_support I like the way Hulu is organized better. But they have to do something about that buffering. @hulu_support
119406,2022-06-02 10:47:02.663013,@119405 @119407 @hulu_support Trying free week of Hulu and disappointed is Sling better?
119405,2022-06-02 10:47:02.767575,@119407 Testing Hulu &amp; https://t.co/9h6hEd7WtE to decide which is better. Have to switch to Sling all the time due to Hulu buffering. @hulu_support
119407,2022-06-02 10:47:02.870072,Anyone else having issues with Hulu Live TV tonight? Constant buffering
hulu_support,2022-06-02 10:47:02.972196,"@119408 Sorry! You can resume shows from Keep Watching on Home. To browse/pick an ep, go to the show's page and select Episodes."
119408,2022-06-02 10:47:03.076037,@115940 has THE WORST iPad interface. Why canâ€™t I just see the last show I watched and  quickly pick through seasons and episodes?!
hulu_support,2022-06-02 10:47:03.187349,"@119409 Yikes! Which shows have you noticed this with? If you try uninstalling/reinstalling our app ( https://t.co/HQL1KwGgWo ), any change?"
119409,2022-06-02 10:47:03.288779,"Gah. @115940 on the appletv is super buggy. Not only is it difficult for kids to use, it doesnâ€™t correctly track where we left off â˜¹ï¸"
Ask_Spectrum,2022-06-02 10:47:03.392473,"@119410 Good evening. If you would please DM your account or phone number for me, I'll be happy to look into this for you. ^MO"
119410,2022-06-02 10:47:03.493745,"@Ask_Spectrum Spectrum. You have officially been put on my â€œworst and incapable companiesâ€ list, aka shit list, to never do business with ever again."
119410,2022-06-02 10:47:03.595031,@Ask_Spectrum admits to having shitty reliability in a professional setting when providing a service consumers pay for?! Iâ€™m switching to AT&amp;T. Thanks ...
119410,2022-06-02 10:47:03.696100,"@Ask_Spectrum time actually had the audacity to say that frequent outages are common in my area, a brand new villa development. Like, WTF?! Who blatantly"
119410,2022-06-02 10:47:03.803061,@Ask_Spectrum visits. Each one fixing some minor issue and then leaving. Only to have the same issue happen AGAIN after they leave. The Technician this...
119410,2022-06-02 10:47:03.905550,"(Thread) Think twoce before you get @Ask_Spectrum â€˜s service in Hopkinsville, Ky. Iâ€™ve almost had them a month now and had FIVE service..."
AppleSupport,2022-06-02 10:47:04.007682,@119411 Thanks for bringing this to our attention. We'd like to look into this further. Please click here to join us in DM: https://t.co/GDrqU22YpT
119411,2022-06-02 10:47:04.113048,@AppleSupport hi all. @115948 and settings apps keep crashing on iOS 11.1.2. See attached video. Is this a known issue? https://t.co/bjiEsXG7uG
AppleSupport,2022-06-02 10:47:04.215573,@119412 We'd like to dig into what's happening with the Podcasts app on your device. What type of iOS device are you using and which version of iOS is currently installed? Let us know those details via DM. We'll continue with you there. https://t.co/GDrqU22YpT
119412,2022-06-02 10:47:04.318374,@AppleSupport ...sent DM
119412,2022-06-02 10:47:04.420995,.@115858 how about fixing your #podcast app with the next #ios update? Itâ€™s gone from bad to worse and I canâ€™t listen to my beloved #arsecast #replyall and #wtf @28706 @11164 @23146
AppleSupport,2022-06-02 10:47:04.522860,"@119413 Hello, thanks for reaching out. Which iOS version are you currently using? If not on the current iOS 11.1.2, please back up and update following these steps: https://t.co/80YRnjDFDk
DM us if you're still having autocorrect issues after updating. https://t.co/GDrqU22YpT"
119413,2022-06-02 10:47:04.624375,@115858 Iï¸ have Iï¸ can Iï¸ will THE FUCK BRO
sprintcare,2022-06-02 10:47:04.726438,@119414 Greetings. Is there anything that we may assist you with? -JT
119414,2022-06-02 10:47:04.827750,@119415 @119111 @115714 This is the worst thing I have seen in my entire life.
119415,2022-06-02 10:47:04.933229,@119111 @115714 You ainâ€™t seen nothing yet. https://t.co/ghmL2jTuom
sprintcare,2022-06-02 10:47:05.036532,"@119416 We'd like the opportunity to assist with this. Please send us a Direct Message, so that we can further assist you. -DE"
119416,2022-06-02 10:47:05.139595,@115714 get your act together on your coverage. Itâ€™s pretty ridiculous that I have to be on WiFi to do anything on my phone ğŸ™„
AskPlayStation,2022-06-02 10:47:05.241732,@119417 Sorry for the inconvenience. Please follow us via Twitter so we can send you a DM with further instructions. Thanks!
119417,2022-06-02 10:47:05.346446,@AskPlayStation Done âœ…
AskPlayStation,2022-06-02 10:47:05.453102,@119417 We have sent you a Direct Message via Twitter with further instructions.
119417,2022-06-02 10:47:05.555703,"@AskPlayStation 2. Honestly, very disappointing initial experience with the first PlayStation Iâ€™ve owned since 1995."
AskPlayStation,2022-06-02 10:47:05.660622,"@119417  Sorry for the inconvenience. For billing issues, please follow the steps in the next link: https://t.co/7atHEqJw8n"
119417,2022-06-02 10:47:05.761979,"@AskPlayStation 4. Also, online support chat tells me I have no account, even though I'm already logged into my account."
AskPlayStation,2022-06-02 10:47:05.864176,Learn how to edit credit card and PayPal info from a web browser: https://t.co/uAZHqwhFzY https://t.co/YozpMXwZay
AskPlayStation,2022-06-02 10:47:05.965057,"@119418  Hi there. For refund info, please check the following link: https://t.co/MInrgZSl48"
119419,2022-06-02 10:47:06.070964,@AskPlayStation @119418 Hey i need help i sent pm with full story  but plz check pm and text back
119418,2022-06-02 10:47:06.172963,@AskPlayStation Anyway I can refund something
119417,2022-06-02 10:47:06.284755,"@AskPlayStation 1. Iâ€™m not seeing the error listed in this doc. Also using PayPal, not a credit card. However, I will wait 24 hours and report back."
AppleSupport,2022-06-02 10:47:06.388914,"@119420 We've got a fix for the ""I"" on your iPhone. Which version of iOS are you using? You can check that at Settings &gt; General &gt; About. If it's not 11.1.1 or higher, backup with these steps: https://t.co/4f8hwT5to6 Then update. Let us know in DM if that doesn't help. https://t.co/GDrqU22YpT"
119420,2022-06-02 10:47:06.494566,@AppleSupport Alright thanks bro. Send an X my way and ill give you shoutout.
119420,2022-06-02 10:47:06.596009,Lol the Iï¸ on the new iOS is embarrassing @115858 get your shit together haahaha
ATVIAssist,2022-06-02 10:47:06.701975,"@119421 Good evening, I recommend reaching out to your console manufacture in regards to this. ^JP"
119421,2022-06-02 10:47:06.804800,"@ATVIAssist so, send an email to Activision PS4? I did pre-order since i already played the beta, twice, weird that i dont have it in my library"
ATVIAssist,2022-06-02 10:47:06.909068,@119421 Please send me a message via DM. More than happy to help. ^Ex https://t.co/c9WoAfwenP
119421,2022-06-02 10:47:07.014955,"@115766 When does the pre-download open? One of my mates could download it today, but i have not gotten the opportunity yet? Hmm"
AppleSupport,2022-06-02 10:47:07.117028,"@119422 You've come to the right place for help with your iPhone. We'd like to take a look at what's happening in greater detail. Send us a DM with what type of iPhone you're using, along with your current iOS version. https://t.co/GDrqU22YpT"
119422,2022-06-02 10:47:07.218710,"My phone is so god damn jank, itâ€™s turning all my snapchats volume all the way up, not alerting me with sound or vibration with texts and messages, and all my notifications come in all at once every hour... @115858"
ATVIAssist,2022-06-02 10:47:07.319680,@119423 Please feel free to leave some feedback and suggestions here - https://t.co/PPaidJKboY ^RK
119423,2022-06-02 10:47:07.423476,@115758 Fix COD Black Ops III for real getting dropped in 2 bullets while I have to hit 4-5 bullets GG really good job :')
ATVIAssist,2022-06-02 10:47:07.525965,@119424  We are almost there T- 02D-04H-14M-30S! ^AN
119424,2022-06-02 10:47:07.627573,I donâ€™t have any games to play. Drop ww2 @115766
XboxSupport,2022-06-02 10:47:07.729983,@119425 Hi there! Have you tested using an alternate USB port on the console?  ^JA
119425,2022-06-02 10:47:07.830979,"@XboxSupport I would test it but i cant, cuz now my controller wont even connect to my xbox, ive never had these problems until now"
119425,2022-06-02 10:47:07.932700,"@XboxSupport i had a 1 TB external hard drive on my xbox, it was accidentally unplugged, and when i plug it back in, it wont work, any fix?"
XboxSupport,2022-06-02 10:47:08.035852,"@115827 Hello, thanks for reaching out to us. The QR code feature was removed around a year ago. ^CO"
115827,2022-06-02 10:47:08.138509,@XboxSupport Thanks
115827,2022-06-02 10:47:08.244853,@XboxSupport Thatâ€™s the Xbox one still use QR codeâ€™s ğŸ¤”
XboxSupport,2022-06-02 10:47:08.346260,@119426 We're sorry to hear about your controller! What seems to be the trouble that you are encountering?  ^JA
119426,2022-06-02 10:47:08.449295,@XboxSupport It randomly died and will not work anymore. Replaced batteries several times. Tried powering it up and the light faintly comes on...
119426,2022-06-02 10:47:08.553962,@XboxSupport ...but the controller doesn't power back on. Not sure what you all can do. Looks like another $60 down the drain.
XboxSupport,2022-06-02 10:47:08.654986,@119426 Gotcha. Have you tried the steps in the guide here: https://t.co/bt2yEiHzkV  ^JA
119426,2022-06-02 10:47:08.756521,"@XboxSupport Yeah, nothing has worked. The controller isn't powering on. Just getting that faint light from the home button and that is it."
XboxSupport,2022-06-02 10:47:08.859290,"@119426 Thanks for trying out those steps. Just to clarify, have you tested plugging in a USB cable directly into the console? ^JA"
119426,2022-06-02 10:47:08.961671,"@XboxSupport Yes, I have the play and charge kit and have tried that. It is still not powering on."
XboxSupport,2022-06-02 10:47:09.072582,"@119426 Thanks for that info. In this case, we'd recommend reaching out to the chat team: 1/2 ^JA"
XboxSupport,2022-06-02 10:47:09.173361,@119426 https://t.co/CebJxfNDFD to discuss your replacement options. 2/2 ^JA
119426,2022-06-02 10:47:09.278348,"@XboxSupport I doubt much can be done, as itâ€™s been at least a year since I bought it, but will reach out tmr anyway. Thanks."
XboxSupport,2022-06-02 10:47:09.382127,@119426 You're very welcome. We hope you enjoy the rest of your evening.  ^JA
119426,2022-06-02 10:47:09.483113,@XboxSupport So nothing on this @XboxSupport?
119426,2022-06-02 10:47:09.591024,"@XboxSupport If I didnâ€™t have so much already invested in the Xbox, Iâ€™d seriously consider moving to the PlayStation."
119426,2022-06-02 10:47:09.702447,@XboxSupport Looks like I have to waste another $60 because you all make cheap as hell products.
119426,2022-06-02 10:47:09.808631,.@XboxSupport is there a reason why hardware for the One is so incredibly cheap? Controller just randomly dies for no apparent reason.
XboxSupport,2022-06-02 10:47:09.913315,"@119427 Hello, thanks for reaching out to us. Have you power cycled your router? Let's see if that helps. ^CO"
119427,2022-06-02 10:47:10.014687,@XboxSupport Yes I have tried that along with a hard reset. The same cord works on my PS4 and laptop and has connectivity
119428,2022-06-02 10:47:10.117192,@119427 @XboxSupport Itâ€™s on their side Iâ€™ve been trying to connect to Xbox live for an hour
119427,2022-06-02 10:47:10.218499,@119428 @XboxSupport It works fine wireless
XboxSupport,2022-06-02 10:47:10.323136,"@119427 Actually, that screen is very telling. You have a Teredo issue. Let's try running through this guide. https://t.co/XQI5vx1Sjt ^CO"
119427,2022-06-02 10:47:10.424433,"@XboxSupport Tried three times, it canâ€™t complete the tests ğŸ™ƒğŸ™ƒ"
XboxSupport,2022-06-02 10:47:10.525717,"@119427 So you knew you had a teredo issue? Or were you selecting a different route in the guide?
 ^CO"
119427,2022-06-02 10:47:10.627641,@XboxSupport When I did what it asked me to do as for test the multiplayer it came up stating it canâ€™t complete he tests.
XboxSupport,2022-06-02 10:47:10.732900,"@119427 Let's try looking at the guide from this point, it walks through some important router steps. https://t.co/3tv3y9CQNI ^CO"
119429,2022-06-02 10:47:10.835411,@XboxSupport @119427 Did the services go down?
119427,2022-06-02 10:47:10.940017,@119429 @XboxSupport No it didnâ€™t has issues connecting with the wire. It works going wireless
119429,2022-06-02 10:47:11.041353,@XboxSupport @119427 It wonâ€™t let me connect
119429,2022-06-02 10:47:11.148178,@XboxSupport @119427 My game just said something about teredo issues
XboxSupport,2022-06-02 10:47:11.253702,@119427 Thanks for that clarification. Are you seeing this issue with a wireless connection? ^CO
119427,2022-06-02 10:47:11.355151,@XboxSupport The wireless works fine. When I plug in the wire it shows this. https://t.co/sspYTdrrMK
119427,2022-06-02 10:47:11.457336,@XboxSupport my Xbox wonâ€™t connect to the internet wired. It shows down sped but no upload speed. Iâ€™ve hard reset and everything. Plz hlp https://t.co/56J2IUMZxa
VirginAtlantic,2022-06-02 10:47:11.567545,"@119430 @119431 Hi Lissy, I'm so sorry to hear about what's happened. Do you have the VSCR case ref handy at all? ^E"
119430,2022-06-02 10:47:11.669354,"@VirginAtlantic hi E, thanks for getting back to me. I have no case reference as no one has yet replied to my emails x"
VirginAtlantic,2022-06-02 10:47:11.770237,@119430 Can I just check when you emailed? Can you confirm if you contacted __email__ too? Thank you ^BM
119430,2022-06-02 10:47:11.875103,@VirginAtlantic I emailed on Mon 23rd October and I emailed __email__ as per the website x
VirginAtlantic,2022-06-02 10:47:11.976641,"@119430 Thanks Lissy. There's no UK in the email address, it is __email__ Please do forward it on to that address^BM"
119430,2022-06-02 10:47:12.077690,@VirginAtlantic oooo I've just looked back and I did email that email address too! So it's already in that inbox. I emailed on the 23/10 x
119430,2022-06-02 10:47:12.179421,@VirginAtlantic it's also on your website?? I will forward onto the new email address but that might need to be looked into? Thanks x
119430,2022-06-02 10:47:12.280457,@VirginAtlantic I've had an automated response from that email saying Virgin Atlantic Customer Service would get back to me? X
VirginAtlantic,2022-06-02 10:47:12.382945,@119430 Ok great. The acknowledgement usually advises a time frame for a response but you should hear within 14 days ^S
119430,2022-06-02 10:47:12.483843,@VirginAtlantic it did not have any time reference and seeing as I was flying back yesterday I hoped to get an email before then. I'll wait.
119430,2022-06-02 10:47:12.584806,"@VirginAtlantic Hi, I still haven't had a response and it's been over 14 days x"
VirginAtlantic,2022-06-02 10:47:12.686237,@119430 Did you get a customer reference from the automated reply? ^R
119430,2022-06-02 10:47:12.787450,"@VirginAtlantic Hi R, No I didn't. I just got this. https://t.co/DFDOBYRV14"
VirginAtlantic,2022-06-02 10:47:12.888593,"@119430 Okay, can you DM your full name and email address and I will search our system for your file ^R"
119430,2022-06-02 10:47:12.990118,@119431 @VirginAtlantic yep! Whole reason I flew out was 4 one of my best friend's wedding and I ended up looking like a zombie &amp; in agony x
119431,2022-06-02 10:47:13.091496,@119430 @VirginAtlantic Bloody hell what the hell?!? X
119430,2022-06-02 10:47:13.192490,"@119431 @VirginAtlantic huge allergic reaction to their blankets when flying out. Face was blistered, swollen and pussing x"
119431,2022-06-02 10:47:13.293272,@119430 @VirginAtlantic What happened?! X
119430,2022-06-02 10:47:13.395570,@VirginAtlantic asked at the desk at LAX when checking in and they had heard nothing. So disappointed and so worried it will happen again
119430,2022-06-02 10:47:13.496790,@VirginAtlantic heard nothing. Ruined half my holiday and am about to fly back with them and am so concerned it's going to happen again.
119430,2022-06-02 10:47:13.598498,"So disappointed. Held @VirginAtlantic in such high regard, am a flying member and have emailed them twice about my issues on their flight"
Safaricom_Care,2022-06-02 10:47:13.703088,"@119432 @119433 Hi, DM your account number &amp; your contact number as well we have a look into this issue. ^NG"
119432,2022-06-02 10:47:13.804800,@Safaricom_Care @119433 You all have been looking into it since 24/9/2017. We need the solution
119432,2022-06-02 10:47:13.911106,@119433 they were told they would get their giveaways within 72hrs. It has been 7 days and counting.
IHGService,2022-06-02 10:47:14.013652,"@119434 Hi Catherine, we've responded to your twitter mention @ IHGService . Thanks. ^kl"
119434,2022-06-02 10:47:14.114999,@IHGService Yes but when I check the website it gives me the option of a standard room and a standard room VIP... whatâ€™s the difference?
IHGService,2022-06-02 10:47:14.217454,"@119434 1/2 Pls DM us the name of the hotel and location so we can look into the room details &amp; difference. Alternatively, you may https://t.co/2rT0l9N9Cu"
IHGService,2022-06-02 10:47:14.321837,@119434 2/2 contact the Reservations Team via the LiveChat link: https://t.co/hCxGDsRUt1 or hotline: https://t.co/vxp6THqV9F. ^gp https://t.co/2rT0l9N9Cu
119434,2022-06-02 10:47:14.423698,"hey, .@117164 what does Standard Room VIP mean?"
AirAsiaSupport,2022-06-02 10:47:14.524732,@119312 Hi Aayush. We had respond you via DM. Thanks â€“ Mariya
AirAsiaSupport,2022-06-02 10:47:14.627839,"@119435 Hi Eiji, is it okay we assist you in English? Thanks-Sha"
119435,2022-06-02 10:47:14.732570,"@AirAsiaSupport 
äºˆç´„ã§ãã¦ã„ã¾ã™ã‹ï¼Ÿ
äºˆç´„ç•ªå·  JJ9RPC
äºˆç´„ã§ãã¦ã„ã¾ã™ã‹ï¼Ÿ"
AirAsiaSupport,2022-06-02 10:47:14.834629,@119436 Can we have your booking number? We will check manually for you from our end. Thanks-Sha
119437,2022-06-02 10:47:14.936749,@AirAsiaSupport @119436 Bole x hantarkan booking number sy.. Sbab sy telah kehilangan boking number utk urusan chek in..
AirAsiaSupport,2022-06-02 10:47:15.040117,"@119437 Hi There, we has respond you via DM, see you there!- Anwar"
119437,2022-06-02 10:47:15.141370,@AirAsiaSupport @119436 Bole tolong dapatkan booking number sy smula utk proses buat chek in sy dgn scepatnya
119436,2022-06-02 10:47:15.247984,@AirAsiaSupport i wanna know about fees and charge in a  Checked Baggage
AirAsiaSupport,2022-06-02 10:47:15.351920,"@119436 Hi Diany, at the moment fee and charge website is under maintenance. &gt;&gt;&gt;"
NortonSupport,2022-06-02 10:47:15.453288,"@119438 å‰å›ã€ãƒãƒ¼ãƒˆãƒ³ã‚’ã‚¢ã‚¯ãƒ†ã‚£ãƒ–åŒ–ã•ã‚ŒãŸæ™‚ã‚‚
æ—¥æœ¬å›½å†…ã‹ã‚‰ã‚¢ã‚¯ã‚»ã‚¹ã—ã€ã‚¢ã‚¯ãƒ†ã‚£ãƒ–åŒ–ã•ã‚ŒãŸã®ã§ã—ã‚‡ã†ã‹ã€‚"
119438,2022-06-02 10:47:15.554616,"@NortonSupport VPNã®æ¥ç¶šå…ˆã‚’ç¢ºèªã—ã¦ã¿ã¾ã™ã€‚
ã¯ã„ã€ãã®é€šã‚Šã§ã™ã€‚æ—¥æœ¬èªç‰ˆã®ãƒãƒ¼ãƒˆãƒ³ã‚’è³¼å…¥ã—ã€æ—¥æœ¬ã‹ã‚‰ã‚¢ã‚¯ã‚»ã‚¹ã—ã¦ã„ã¾ã™ã€‚
ãƒãƒ¼ãƒˆãƒ³ã‚’è³¼å…¥ã—ã¦ã‹ã‚‰ä»Šã¾ã§ã®é–“ã€ã‚¢ã‚¯ãƒ†ã‚£ãƒ–åŒ–ã¯ã—ã¦ã„ãªã„ã§ã™ã€‚ä»Šå›ãŒåˆã‚ã¦ã§ã™ã€‚"
119438,2022-06-02 10:47:15.663566,@NortonSupport 1ç•ªç›®ã«æ›¸ã‹ã‚Œã¦ã„ã‚‹ã“ã¨ã®ã¿ãŒå¯èƒ½æ€§ã¨ã—ã¦ã¯ã‚ã‚Šå¾—ã¾ã™ã€‚VPNã¨ã¯ã€Œã‚¤ãƒ³ã‚¿ãƒ¼ãƒãƒƒãƒˆæ¥ç¶šã€ã®ã“ã¨ã§é–“é•ã„ã‚ã‚Šã¾ã›ã‚“ã‹ï¼Ÿ
NortonSupport,2022-06-02 10:47:15.766883,"@119438 ãƒ»VPNã‚’ä½¿ç”¨ã—ã¦ãŠã‚Šã€VPNã®æ¥ç¶šå…ˆãŒæ—¥æœ¬å›½å¤–ã§ã‚ã‚‹
ãƒ»æ—¥æœ¬å›½å¤–ã§ãƒãƒ¼ãƒˆãƒ³ã‚’è³¼å…¥ã—ã€ç¾åœ¨æ—¥æœ¬ã‹ã‚‰ã‚¢ã‚¯ãƒ†ã‚£ãƒ–åŒ–ã‚’è©¦ã¿ã¦ã„ã‚‹
ãƒ»ç¾åœ¨ã€æ—¥æœ¬å›½å¤–ã‹ã‚‰ã‚¢ã‚¯ã‚»ã‚¹ã—ã¦ã„ã‚‹"
119438,2022-06-02 10:47:15.871049,"@NortonSupport é€£çµ¡ã‚’ãã ã•ã£ã¦ã‚ã‚ŠãŒã¨ã†ã”ã–ã„ã¾ã™ã€‚ã‚³ãƒ³ãƒ”ãƒ¥ãƒ¼ã‚¿ã«ã¯ç–ãã€å›°ã£ã¦ã„ã¾ã—ãŸâ€¦ã€‚
ã€Œä¿è­·ã‚’é–‹å§‹ã™ã‚‹ã«ã¯ã‚¢ã‚¯ãƒ†ã‚£ãƒ–åŒ–ãŒå¿…è¦ã€ã¨ã®ã“ã¨ã ã£ãŸã®ã§ã€ãƒ¡ãƒ¼ãƒ«ã‚¢ãƒ‰ãƒ¬ã‚¹ã¨ãƒ‘ã‚¹ãƒ¯ãƒ¼ãƒ‰ã‚’å…¥åŠ›ã—ã¦ã‚µã‚¤ãƒ³ã‚¤ãƒ³ã—ãŸã¨ã“ã‚ã€ã“ã®ã‚ˆã†ãªç”»é¢ãŒè¡¨ç¤ºã•ã‚Œã¾ã™ã€‚ã©ã†ã™ã‚Œã°ã‚ˆã„ã§ã™ã‹ï¼Ÿ https://t.co/7xyOnCM9Kn"
NortonSupport,2022-06-02 10:47:15.972472,"@119438 ãƒãƒ¼ãƒˆãƒ³ã‚µãƒãƒ¼ãƒˆã§ã™ã€‚
ã‚ˆã‚ã—ã‘ã‚Œã°ã€ç¾åœ¨ã®çŠ¶æ³ã‚’è©³ã—ãæ•™ãˆã¦ã„ãŸã ã‘ã¾ã™ã‹ã€‚
ã‚¹ã‚¯ãƒªãƒ¼ãƒ³ã‚·ãƒ§ãƒƒãƒˆã‚‚ã‚ã‚‹ã¨åŠ©ã‹ã‚Šã¾ã™ã€‚"
119438,2022-06-02 10:47:16.081906,Nortonæ›´æ–°ã—ãªã„ã¨ã„ã‘ãªã„ã‹ã‚‰èª¬æ˜é€šã‚Šã«ã‚„ã£ã¦ãŸã‚‰ä¿è­·ã‚’ä¸€æ—¦è§£é™¤ã—ãŸæŒ™å¥ã€Œæ›´æ–°ã§ãã¾ã›ã‚“ã€ã¨ã‹ã¬ã‹ã—ã‚„ãŒã‚‹ã“ã®ãƒ‘ã‚½ã‚³ãƒ³â€¦ã‚¬ãƒã‚¬ãƒã‚„ã
NortonSupport,2022-06-02 10:47:16.184444,"@119438 ã¨ã„ã†ã“ã¨ã¯ã€æ—¥æœ¬ç‰ˆã®ãƒãƒ¼ãƒˆãƒ³ã‚’è³¼å…¥ã—ã€ç¾åœ¨ã‚‚æ—¥æœ¬ã‹ã‚‰ã‚¢ã‚¯ã‚»ã‚¹ã—ã¦ã„ã‚‹ã€‚
ã«ã‚‚é–¢ã‚ã‚‰ãšã€ãŠé€ã‚Šã„ãŸã ã„ãŸã‚¹ã‚¯ãƒªãƒ¼ãƒ³ã‚·ãƒ§ãƒƒãƒˆã®ã‚ˆã†ãªã‚¨ãƒ©ãƒ¼ãƒ¡ãƒƒã‚»ãƒ¼ã‚¸ãŒå‡ºã‚‹ã€
ã¨ã„ã†ã“ã¨ã§ã‚ˆã‚ã—ã„ã§ã—ã‚‡ã†ã‹ã€‚"
NortonSupport,2022-06-02 10:47:16.288651,"@119439 ãƒãƒ¼ãƒˆãƒ³ã‚µãƒãƒ¼ãƒˆã§ã™ã€‚
ã“ã¡ã‚‰ã§æ‰¿ã‚Šã¾ã™ã€‚
ãƒãƒ¼ãƒˆãƒ³WiFiãƒ—ãƒ©ã‚¤ãƒã‚·ãƒ¼ã‚’ãŠæŒã¡ã®Androidã§ã”åˆ©ç”¨ã«ãªã£ã¦ã„ã¦ã€
ç¾åœ¨ã€ãã®Androidã§ãƒ¡ãƒ¼ãƒ«ãŒä¸€åˆ‡å—ä¿¡ã§ããªããªã£ãŸã€ã¨ã„ã†ã“ã¨ã§ã‚ˆã‚ã—ã„ã—ã‚‡ã†ã‹ã€‚"
119439,2022-06-02 10:47:16.397619,"@NortonSupport docomo Mailã‚’è‡ªåˆ†å®›ã«ç«¯æœ«ã‹ã‚‰é€ä¿¡ã™ã‚‹ã¨ã€å—ä¿¡ã¯å‡ºæ¥ã‚‹ã®ã§ã™ãŒã­ã€‚Gmailã¯outã§ã™ã€‚
ãã®ä»–ãƒ¡ãƒ«ãƒã‚¬ãƒ»ã‚¹ãƒ‘ãƒ ã¯ã€ä¸€åˆ‡å±Šãã¾ã›ã‚“ã€‚
docomoã‚·ãƒ§ãƒƒãƒ—ã«è¡Œã£ã¦ã€ãƒˆãƒ©ãƒ–ãƒ«ã‚·ãƒ¥ãƒ¼ãƒ†ã‚£ãƒ³ã‚°ã‚’ã—ã¦è²°ã£ãŸã‚‰ã€ãƒãƒ¼ãƒˆãƒ³Wi-Fiãƒ—ãƒ©ã‚¤ãƒã‚·ãƒ¼ãŒé‚ªé­”ã‚’ã—ã¦ã„ã‚‹ã¯ãšã¨ã®ã“ã¨ã€‚"
NortonSupport,2022-06-02 10:47:16.503173,"@119439 ãƒãƒ¼ãƒˆãƒ³WiFiãƒ—ãƒ©ã‚¤ãƒã‚·ãƒ¼ã‚’ã‚ªãƒ•ã«ã™ã‚‹ã¨ã€ãƒ¡ãƒ¼ãƒ«ã®é€å—ä¿¡ã¯å¯èƒ½ã¨ã„ã†ã“ã¨ã§ã—ã‚‡ã†ã‹ã€‚
PCã‹ã‚‰Webãƒ–ãƒ©ã‚¦ã‚¶ã§ä¸¡ãƒ¡ãƒ¼ãƒ«ã‚¢ã‚«ã‚¦ãƒ³ãƒˆã‚’è¦‹ãŸæ™‚ã®æ§˜å­ã¯ã„ã‹ãŒã§ã—ã‚‡ã†ã‹ã€‚"
119439,2022-06-02 10:47:16.605390,@NortonSupport ã‚ªãƒ•ã«ã™ã‚‹ã¨ã€å•é¡Œãªãé€å—ä¿¡ã¯å¯èƒ½ã§ã™ã€‚ãƒ–ãƒ©ã‚¦ã‚¶ã‹ã‚‰è¦‹ã¦ã‚‚docomo Mailã¯è¦‹ãˆã¾ã›ã‚“ã€‚Gmailã¯AppleMailã§é–²è¦§å¯èƒ½ã€‚
NortonSupport,2022-06-02 10:47:16.707481,"@119439 Gmail:é€å—ä¿¡ãŒå…¨ãã§ããªã„
docomo Mail:è‡ªåˆ†ã®ã‚¢ã‚«ã‚¦ãƒ³ãƒˆã¸ã®ãƒ¡ãƒ¼ãƒ«é€ä¿¡(ã¨å—ä¿¡)ã¯å¯
ã¨ã„ã†ã“ã¨ã§ã‚ˆã‚ã—ã„ã§ã—ã‚‡ã†ã‹ã€‚"
119439,2022-06-02 10:47:16.811722,@NortonSupport Gmailã‚‚é€ä¿¡ã¯å¯èƒ½ã§ã™ã€‚å—ä¿¡ã¯ã§ãã¾ã›ã‚“ãŒã€‚ã“ã‚Œã¯ãƒ–ãƒ©ã‚¦ã‚¶ã‹ã‚‰ã§ã‚‚ã€AppleMailã‹ã‚‰ã‚‚ã€ç¢ºèªãŒã§ãã¾ã™ã€‚docomo Mailã¯å•é¡Œã®ç«¯æœ«ã‹ã‚‰å•é¡Œã®ç«¯æœ«ã¸ã®é€å—ä¿¡ã¯å¯èƒ½ã§ã™ã€‚
NortonSupport,2022-06-02 10:47:16.913468,"@119439 ãªã®ã§ã€Webä¸Šã«ã‚ã‚‹Gmailã‚„docomo Mailã®ã‚¢ã‚«ã‚¦ãƒ³ãƒˆã§ãƒ¡ãƒ¼ãƒ«ã‚’é€å—ä¿¡ã§ãã‚‹ã‹ã©ã†ã‹ã«
WiFiãƒ—ãƒ©ã‚¤ãƒã‚·ãƒ¼ã¯å½±éŸ¿ã‚’ä¸ãˆã¾ã›ã‚“ã€‚"
119439,2022-06-02 10:47:17.014543,"@NortonSupport ãã†ã€‚Gmailã«ã¤ã„ã¦ã¯èª¬æ˜ãŒã¤ãã®ã§ã™ã€‚
éå»Mailã¯ã€Androidã‚¹ãƒãƒ¼ãƒˆãƒ›ãƒ³ã®ãƒ–ãƒ©ã‚¦ã‚¶ã§ã‚‚ã€Macã®ãƒ–ãƒ©ã‚¦ã‚¶ã§ã‚‚AppleMailã§ã‚‚è¦‹ãˆã¾ã™ã®ã§ã€‚"
119439,2022-06-02 10:47:17.117830,"@NortonSupport docomoMailã«ã¤ã„ã¦ã¯ã€ãƒãƒ¼ãƒˆãƒ³Wi-Fiãƒ—ãƒ©ã‚¤ãƒã‚·ãƒ¼ã‚’ã‚ªãƒ•ã«ã™ã‚‹ã¨ã€30åˆ†ã«1é€šãã‚‰ã„ã¯ã‚¹ãƒ‘ãƒ ãŒæ¥ã‚‹ã®ã§ã™ãŒã€ã‚ªãƒ³ã«ã™ã‚‹ã¨æ¥ãªããªã‚Šã¾ã™ã€‚
ã‚ªãƒ•ã«ã—ãŸã¨ãã«ã€ãƒ–ãƒ©ã‚¦ã‚¶ã‹ã‚‰è¦‹ãŸã“ã¨ã¯ãªã„ã®ã§ã™ãŒã€ã‚ªãƒ³ã«ã™ã‚‹ã¨ã€ãƒ–ãƒ©ã‚¦ã‚¶ã‹ã‚‰ã‚‚è¦‹ãˆãªããªã£ã¦æ¶ˆãˆã¦ã—ã¾ã„ã¾ã™ã€‚"
NortonSupport,2022-06-02 10:47:17.220173,"@119439 ãƒ¡ãƒ¼ãƒ«ã¯ã€ã‚¹ãƒãƒ›ã«ãƒ€ã‚¦ãƒ³ãƒ­ãƒ¼ãƒ‰ã•ã‚Œã‚‹ã‚ã‘ã§ã¯ã‚ã‚Šã¾ã›ã‚“ã€‚
Webä¸Šã«ã‚ã‚‹docomoMailã®ã‚¢ã‚«ã‚¦ãƒ³ãƒˆã«ã€ã‚¹ãƒãƒ›ã§ã‚¢ã‚¯ã‚»ã‚¹ã—ã¦ãƒ¡ãƒ¼ãƒ«ã‚’é–²è¦§ã—ã¦ã„ã¾ã™ã€‚
docomoMailã®ã‚¢ã‚«ã‚¦ãƒ³ãƒˆã«ã‚¹ãƒ‘ãƒ ãƒ¡ãƒ¼ãƒ«ãŒé€ã‚‰ã‚Œã¦ã„ã‚‹ã®ã§ã‚ã‚Œã°ã€ãã‚Œã¯WiFiãƒ—ãƒ©ã‚¤ãƒã‚·ãƒ¼ã¨ã¯é–¢ä¿‚ãªãå—ä¿¡ã—ã¦ã„ã¾ã™ã€‚"
119439,2022-06-02 10:47:17.321637,"@NortonSupport è¦ã¯IMAPã ã¨è¨€ã†ã“ã¨ã§ã—ã‚‡ã†ã‹ã€‚
ã§ã‚‚ã€ãƒãƒ¼ãƒˆãƒ³Wi-Fiãƒ—ãƒ©ã‚¤ãƒã‚·ãƒ¼ã‚’ã‚ªãƒ³ã«ã™ã‚‹ã¨ã€å…¨ã¦ã®MailãŒè¦‹ãˆãªããªã‚‹ã®ã§ã™ã‚ˆã­ã€‚
ãƒ‰ã‚³ãƒ¢ã‚·ãƒ§ãƒƒãƒ—ã®åº—å“¡ã‚‚ã‚»ãƒ³ã‚¿ãƒ¼ã«é›»è©±ã‚’ã‹ã‘ã¦ã€ä¸€å¿œã®å‹•ä½œç¢ºèªã‚’ã—ã¦ã€NTTdocomoã¨ã—ã¦ã¯ã€æ­£å¸¸ã«å‹•ä½œã‚’ã—ã¦ã„ã‚‹ã€‚"
119439,2022-06-02 10:47:17.423434,@NortonSupport ã“ã‚Œä»¥ä¸Šã®ã“ã¨ã¯ã€ã‚·ãƒãƒ³ãƒ†ãƒƒã‚¯ã§ãªã„ã¨åˆ†ã‹ã‚‰ãªã„ã¨è¨€ã†ã“ã¨ã ã£ãŸã®ã§ã™ã€‚
NortonSupport,2022-06-02 10:47:17.525713,@119439 å—ä¿¡ãŒç¢ºèªã§ããŸã‚‰ã€ä»Šåº¦ã¯WiFiãƒ—ãƒ©ã‚¤ãƒã‚·ãƒ¼ã‚’ã‚ªãƒ³ã«ã—ã¦ã€åŒã˜è¦é ˜ã§ãƒ†ã‚¹ãƒˆãƒ¡ãƒ¼ãƒ«ã‚’é€ä¿¡ã—ã¦ã„ãŸã ã‘ã¾ã™ã§ã—ã‚‡ã†ã‹ã€‚
119439,2022-06-02 10:47:17.630373,@NortonSupport ä»Šã€ä¸‹ã‚Šã•ãã‚‰å·ã§ã€è¥¿æ˜çŸ³ã‚’é€šéã—ãŸã¨ã“ã‚ãªã®ã§ã€testã¯3æ™‚é–“ä»¥ä¸Šå…ˆã«ãªã‚‹ã¨æ€ã„ã¾ã™ã€‚
NortonSupport,2022-06-02 10:47:17.731392,@119439 ã”é€£çµ¡ã€ã‚ã‚ŠãŒã¨ã†ã”ã–ã„ã¾ã™ã€‚äº†è§£ã„ãŸã—ã¾ã—ãŸã€‚
119439,2022-06-02 10:47:17.832842,"@NortonSupport è¨³ãŒåˆ†ã‹ã‚Šã¾ã›ã‚“ã€‚
Macã‹ã‚‰ISPã®POPã‚µãƒ¼ãƒã‚’å©ã„ã¦ã€ãƒãƒ¼ãƒˆãƒ³Wi-Fiãƒ—ãƒ©ã‚¤ãƒã‚·ãƒ¼ãŒonã«ãªã£ã¦ã„ã‚‹ã€Xperiaã®docomoMailå®›ã«é€ä¿¡ã€‚Xperiaã¯ã€é»™ã£ãŸã¾ã¾ã€‚ãƒ–ãƒ©ã‚¦ã‚¶ã‹ã‚‰ã®ãã„ã¦ã‚‚ç€ä¿¡ã—ãŸæ§˜å­ã¯ã‚ã‚Šã¾ã›ã‚“ã€‚"
119439,2022-06-02 10:47:17.937873,@NortonSupport ãƒãƒ¼ãƒˆãƒ³Wi-Fiãƒ—ãƒ©ã‚¤ãƒã‚·ãƒ¼ã‚’offã«ã—ã¦ã€åŒã˜ã‚ˆã†ã«ã€Xperiaã®docomoMailå®›ã«é€ä¿¡ã€‚ç€ä¿¡ã—ã¾ã™ã€‚ãƒ–ãƒ©ã‚¦ã‚¶ã‹ã‚‰ã‚‚è¦‹ãˆã¾ã™ã€‚ã‚‚ã†ä¸€åº¦ã€ãƒãƒ¼ãƒˆãƒ³Wi-Fiãƒ—ãƒ©ã‚¤ãƒã‚·ãƒ¼ã‚’onã«ã—ã¦ã€Xperiaã®docomoMailå®›ã«é€ä¿¡ã€‚Mailã¯ä½•å‡¦ã‹ã«æ¶ˆãˆã¾ã™ã€‚
119439,2022-06-02 10:47:18.039955,@NortonSupport offã«ã—ã¦é€ä¿¡ã—ãŸMailã¯ã€Xperiaã‹ã‚‰ã‚‚ãƒ–ãƒ©ã‚¦ã‚¶ã‹ã‚‰ã‚‚è¦‹ãˆã¾ã™ã€‚
119439,2022-06-02 10:47:18.141772,@NortonSupport ã¡ãªã¿ã«ã€Xperiaã¯åˆæœŸè¨­å®šã§ã¯ãªãã€ã©ã‚“ãªMailã§ã‚‚å—ã‘ä»˜ã‘ã‚‹ã‚ˆã†ã«ã—ã¦ã„ã¾ã™ã€‚
119439,2022-06-02 10:47:18.242973,@NortonSupport Macã‹ã‚‰ISPã®POPã‚µãƒ¼ãƒã‚’å©ã„ã¦ã€Gmailå®›ã«é€ä¿¡ã€‚ãƒãƒ¼ãƒˆãƒ³Wi-Fiãƒ—ãƒ©ã‚¤ãƒã‚·ãƒ¼ã‚’onã«ã—ã¦ã„ã‚‹ã¨ã€Xperiaã¯ã€ã‚¦ãƒ³ã¨ã‚‚ã‚¹ãƒ³ã¨ã‚‚è¨€ã‚ãšã€Xperiaã®ãƒ¡ãƒ¼ãƒ©ãƒ¼ã‹ã‚‰è¦‹ãˆã¾ã›ã‚“ã€‚
119439,2022-06-02 10:47:18.344079,@NortonSupport ã§ã‚‚ã€Xperiaã®ãƒ–ãƒ©ã‚¦ã‚¶ã§ã‚‚ã€Macã®ãƒ–ãƒ©ã‚¦ã‚¶ã§ã‚‚ã€è¦‹ãˆã¾ã™ã€‚
119439,2022-06-02 10:47:18.450225,"@NortonSupport ãƒãƒ¼ãƒˆãƒ³Wi-Fiãƒ—ãƒ©ã‚¤ãƒã‚·ãƒ¼ã‚’offã«ã—ã¦ã„ã‚‹ã¨ã€Xperiaã®ãƒ¡ãƒ¼ãƒ©ãƒ¼ã‹ã‚‰Mailã¯è¦‹ãˆã¾ã›ã‚“ã€‚ãƒ–ãƒ©ã‚¦ã‚¶ã‹ã‚‰ã¯å•é¡Œãªãè¦‹ãˆã¾ã™ã€‚
Xperiaã®Gmailã®ãƒ¡ãƒ¼ãƒ©ãƒ¼ã«å•é¡ŒãŒã‚ã‚‹ã®ã‹ã—ã‚‰ã€‚"
119439,2022-06-02 10:47:18.551663,@NortonSupport ã‚ã€é–“é•ã£ã¦ã„ã¾ã—ãŸã€‚POPã‚µãƒ¼ãƒã§ã¯ãªãã¦SMTPã‚µãƒ¼ãƒã§ã™ã­ã€‚
119439,2022-06-02 10:47:18.653337,@NortonSupport Xperiaã‹ã‚‰ã¯ã€ã©ã‚“ãªæ¡ä»¶ã§ã‚‚ã€Macã«ç®¡ç†ã•ã›ã¦ã„ã‚‹ã€POPã‚µãƒ¼ãƒã€IMAPã‚µãƒ¼ãƒã¸ãƒ‡ãƒ¼ã‚¿ãŒé£›ã‚“ã§ãã¦ã€AppleMailã§èª­ã‚ã¾ã™ã€‚
119439,2022-06-02 10:47:18.755146,@NortonSupport Xperia SO-01J Androidãƒãƒ¼ã‚¸ãƒ§ãƒ³7.0ã§ã™ã€‚
119439,2022-06-02 10:47:18.863189,@NortonSupport Androidã‚»ã‚­ãƒ¥ãƒªãƒ†ã‚£ãƒ‘ãƒƒãƒãƒ¬ãƒ™ãƒ«2017å¹´8æœˆ1æ—¥
NortonSupport,2022-06-02 10:47:18.964048,@119439 Gmailã®ã»ã†ã¯ã€ã‚¹ãƒãƒ›ã®ãƒ¡ãƒ¼ãƒ«ã‚¢ãƒ—ãƒªã®å•é¡Œã®ã‚ˆã†ã§ã™ã­ã€‚
119439,2022-06-02 10:47:19.065228,@NortonSupport ãã†è€ƒãˆã‚‹ã®ãŒè‡ªç„¶ã§ã™ã­ã€‚
119440,2022-06-02 10:47:19.174852,@119439 @NortonSupport SO-01Jç¾¨ã¾Cã€‚ https://t.co/9VEd30Rcks
NortonSupport,2022-06-02 10:47:19.278196,"@119439 WiFiãƒ—ãƒ©ã‚¤ãƒã‚·ãƒ¼ã‚’ã‚ªãƒ•ã«ã™ã‚‹ã¨ã€docomoMailãŒå—ä¿¡ã§ãã‚‹ã®ã¯åˆ†ã‹ã‚Šã¾ã—ãŸã€‚
ã§ã€ãã®å¾Œã«WiFiãƒ—ãƒ©ã‚¤ãƒã‚·ãƒ¼ã‚’ã‚ªãƒ³ã«ã™ã‚‹ã¨ã€ãã®ç›´å‰ã«å—ä¿¡ã‚’ç¢ºèªã—ãŸãƒ¡ãƒ¼ãƒ«ãŒæ¶ˆãˆã‚‹ã€
ã¨ã„ã†ã“ã¨ã§ã—ã‚‡ã†ã‹ã€‚"
NortonSupport,2022-06-02 10:47:19.382081,"@119439 ã”å ±å‘Šã€ã‚ã‚ŠãŒã¨ã†ã”ã–ã„ã¾ã™ã€‚
docomoMailã®é€å—ä¿¡ã«ã¤ã„ã¦ã€WiFiãƒ—ãƒ©ã‚¤ãƒã‚·ãƒ¼ã®å•é¡Œã¨ã—ã¦ã€
ã•ã‚‰ã«æ·±å €ã‚Šèª¿æŸ»ã‚’ã„ãŸã—ã¾ã™ã€‚
é€²å±•ãŒã‚ã‚Šæ¬¡ç¬¬ã€ã”å ±å‘Šã•ã›ã¦ã„ãŸã ãã¾ã™ã€‚"
119439,2022-06-02 10:47:19.486532,@NortonSupport ã‚ˆã‚ã—ããŠé¡˜ã„ã—ã¾ã™ã€‚
NortonSupport,2022-06-02 10:47:19.588933,@119439 ã‚‚ã—ã‹ã—ãŸã‚‰ã€å¤ã„ã‚­ãƒ£ãƒƒã‚·ãƒ¥ã‚’è¦‹ã›ã‚‰ã‚Œã¦ã„ã‚‹ã®ã‹ãªã€ã¨ã„ã†æ°—ãŒã—ãŸã®ã§
119439,2022-06-02 10:47:19.692666,"@NortonSupport å¤§å½“ãŸã‚Šã§ã—ãŸã€‚ã‚¹ãƒ‘ãƒ ãŒã„ã£ã±ã„ï¼ˆè‹¦ç¬‘ï¼‰ã€‚
ã‚ã‚ŠãŒã¨ã†ã”ã–ã„ã¾ã—ãŸã€‚"
119439,2022-06-02 10:47:19.801153,@NortonSupport ã§ã‚‚ã€ãƒ–ãƒ©ã‚¦ã‚¶ã‹ã‚‰è¦‹ãˆãªã„ã€‚ç«¯æœ«ã‹ã‚‰è¦‹ã‚‰ã‚Œã‚‹ã‹ã‚‰æ°—ã«ã—ãªã„
NortonSupport,2022-06-02 10:47:19.902465,"@119439 ã™ã¿ã¾ã›ã‚“ã€ã“ã‚Œã¯ã€ç¾è±¡ã‚’ãŠèãã—ã¦ã„ã¦æ€ã„ã¤ã„ãŸã€æ­£å¼ãªè§£æ±ºç­–ã§ã¯ãªã„ã®ã§ã™ãŒã€
Androidã®è¨­å®šâ†’ã‚¢ãƒ—ãƒªã€ã®WiFiãƒ—ãƒ©ã‚¤ãƒã‚·ãƒ¼ã§ã€ãƒ‡ãƒ¼ã‚¿ã¨ã‚­ãƒ£ãƒƒã‚·ãƒ¥ã‚’æ¶ˆå»ã—ã¦ã¿ã¦ã„ãŸã ã‘ã¾ã™ã§ã—ã‚‡ã†ã‹ã€‚
ãƒ¡ãƒ¼ãƒ«ã‚¢ãƒ—ãƒªã®ã»ã†ã‚‚ã€ã“ã®æ–¹æ³•ã§è§£æ±ºã™ã‚‹ã‹ã‚‚ã—ã‚Œã¾ã›ã‚“ã€‚"
NortonSupport,2022-06-02 10:47:20.004172,@119439 ãƒ–ãƒ©ã‚¦ã‚¶ã®ã»ã†ã‚‚ã‚­ãƒ£ãƒƒã‚·ãƒ¥ã‚’å‰Šé™¤ã—ã¦ã¿ãŸã‚‰ã„ã‹ãŒã§ã—ã‚‡ã†ã€‚
119439,2022-06-02 10:47:20.108366,@NortonSupport ãã†ãªã‚“ã§ã™ã€‚ãŠéš ã‚Œã«ãªã£ã¦ã—ã¾ã†ã®ã§ã™ã€‚è¨³ãŒåˆ†ã‹ã‚Šã¾ã›ã‚“ã€‚
119439,2022-06-02 10:47:20.209862,@NortonSupport ãƒ–ãƒ©ã‚¦ã‚¶ã‹ã‚‰ã‚‚è¦‹ãˆãªããªã‚Šã¾ã™ã€‚Xperiaã‹ã‚‰ã‚‚è¦‹ãˆãªããªã‚‹ã®ã§ã™ã€‚
119439,2022-06-02 10:47:20.310781,@NortonSupport ã§ã‚‚ã€ãƒãƒ¼ãƒˆãƒ³Wi-Fiãƒ—ãƒ©ã‚¤ãƒã‚·ãƒ¼ã‚’å°å…¥ã™ã‚‹ãšã£ã¨å‰ã€10æœˆ19æ—¥ä»¥å‰ã®Mailã¯ã€ç«¯æœ«ã‹ã‚‰ã‚‚ãƒ–ãƒ©ã‚¦ã‚¶ã‹ã‚‰ã‚‚è¦‹ãˆã¾ã™ã€‚
119439,2022-06-02 10:47:20.412776,@NortonSupport ã“ã“ã§ã€onã«ã™ã‚‹ã¨ã€ç«¯æœ«ã‹ã‚‰ã‚‚ãƒ–ãƒ©ã‚¦ã‚¶ã‹ã‚‰ã‚‚è¦‹ãˆãªããªã‚Šã¾ã™ã€‚
NortonSupport,2022-06-02 10:47:20.514903,"@119439 ãã‚Œã¨ã‚‚ã€ãã‚Œä»¥å‰ã®ãƒ¡ãƒ¼ãƒ«ã¯è¦‹ãˆã‚‹ãŒã€WiFiãƒ—ãƒ©ã‚¤ãƒã‚·ãƒ¼ãŒã‚ªãƒ³ã®é–“ã¯
ä¸€åˆ‡å—ä¿¡ã•ã‚Œãªããªã‚‹ã€ã¨ã„ã†ã“ã¨ã§ã—ã‚‡ã†ã‹ã€‚"
NortonSupport,2022-06-02 10:47:20.616099,"@119439 WiFiãƒ—ãƒ©ã‚¤ãƒã‚·ãƒ¼ã‚’ã‚ªãƒ•ã«ã—ãŸçŠ¶æ…‹ã§ã€
Macã‹ã‚‰ã€Gmailã®ã‚¢ã‚«ã‚¦ãƒ³ãƒˆã§ã€docomoMailã®ã‚¢ã‚«ã‚¦ãƒ³ãƒˆã«ãƒ†ã‚¹ãƒˆãƒ¡ãƒ¼ãƒ«ã‚’é€ã£ã¦ã¿ã¦ã„ãŸã ã‘ã¾ã™ã§ã—ã‚‡ã†ã‹ã€‚
ãã‚Œã‚’ã€WiFiãƒ—ãƒ©ã‚¤ãƒã‚·ãƒ¼ã‚’ã‚ªãƒ•ã«ã—ãŸã¾ã¾
å±Šã„ã¦ã„ã‚‹ã‹ã©ã†ã‹ç¢ºèªã—ã¾ã™ã€‚"
NortonSupport,2022-06-02 10:47:20.719256,"@119439 WiFiãƒ—ãƒ©ã‚¤ãƒã‚·ãƒ¼ã‚’ã‚ªãƒ³ã«ã—ãŸã¨ãã®
ã€Œã™ã¹ã¦ã®ãƒ¡ãƒ¼ãƒ«ãŒè¦‹ãˆãªããªã‚‹ã€ã¨ã„ã†ã®ã¯ã€
éå»ã«å—ä¿¡ã—ãŸãƒ¡ãƒ¼ãƒ«ã‚‚ã™ã¹ã¦æ¶ˆãˆã¦ã—ã¾ã†ã€ã¨ã„ã†ã“ã¨ã§ã—ã‚‡ã†ã‹ã€‚"
119439,2022-06-02 10:47:20.821685,@NortonSupport docomo Mailã‚‚Gmailã‚‚è¦‹ãˆãªããªã‚Šã¾ã™ã€‚
NortonSupport,2022-06-02 10:47:20.925443,"@119439 WiFiãƒ—ãƒ©ã‚¤ãƒã‚·ãƒ¼ã‚’ã‚ªãƒ³ã«ã—ãŸæ™‚ã¨ã‚ªãƒ•ã«ã—ãŸæ™‚ã®ã€Gmailã‚„docomo Mailã®è¦‹ãˆæ–¹ã®é•ã„ã‚’æ•™ãˆã¦ãã ã•ã„ã€‚
ã‚ªãƒ•ã«ã™ã‚‹ã¨ã€å•é¡Œãªãé€å—ä¿¡ã¯å¯èƒ½ã¨ã®ã“ã¨ã§ã™ãŒã€ã¨ã„ã†ã“ã¨ã¯ã€
ã‚ªãƒ•ã«ã—ãŸæ™‚ã«å—ä¿¡ã•ã‚Œã€ã‚¢ã‚«ã‚¦ãƒ³ãƒˆã®ä¸­ã«ã‚ã£ãŸãƒ¡ãƒ¼ãƒ«ãŒã€WiFiãƒ—ãƒ©ã‚¤ãƒã‚·ãƒ¼ã‚’ã‚ªãƒ³ã«ã™ã‚‹ã¨"
NortonSupport,2022-06-02 10:47:21.027201,"@119439 æ¶ˆãˆã¦ã—ã¾ã†ã€ã¨ã„ã†ã“ã¨ã§ã—ã‚‡ã†ã‹ã€‚

ã‚¹ãƒãƒ›ã§ãƒ¡ãƒ¼ãƒ«ã‚’å—ä¿¡ã™ã‚‹ã€ã¨ã¯ã€åˆ¥ã«ãƒ¡ãƒ¼ãƒ«ãŒã‚¹ãƒãƒ›ç«¯æœ«ã«ãƒ€ã‚¦ãƒ³ãƒ­ãƒ¼ãƒ‰ã•ã‚Œã‚‹ã‚ã‘ã§ã¯ã‚ã‚Šã¾ã›ã‚“ã€‚
Webä¸Šã«ã‚ã‚‹Gmailã‚„docomo Mailã®ã‚¢ã‚«ã‚¦ãƒ³ãƒˆã«ãƒ¡ãƒ¼ãƒ«ãŒå±Šãã€ãã®ã‚¢ã‚«ã‚¦ãƒ³ãƒˆã«ã‚¹ãƒãƒ›ã§ã‚¢ã‚¯ã‚»ã‚¹ã—ã¦è¦‹ã¦ã„ã¾ã™ã€‚"
NortonSupport,2022-06-02 10:47:21.132528,"@119439 Androidä¸Šã§ãƒ¡ãƒ¼ãƒ«ã‚’é–²è¦§ã™ã‚‹ã¨ãã¯ã€
Gmailã«ã¤ã„ã¦ã‚‚docomo Mailã«ã¤ã„ã¦ã‚‚ã€AppleMailã‚’ä½¿ç”¨ã—ã¦ã„ã‚‹ã€ã¨ã„ã†ã“ã¨ã§ã‚ˆã‚ã—ã„ã§ã—ã‚‡ã†ã‹ã€‚

&gt;ãƒ–ãƒ©ã‚¦ã‚¶ã‹ã‚‰è¦‹ã¦ã‚‚docomo Mailã¯è¦‹ãˆã¾ã›ã‚“
ã“ã‚Œã¯ã€é€å—ä¿¡ã‚‚ã§ããªã„ã¨ã„ã†ã“ã¨ã§ã—ã‚‡ã†ã‹ã€‚"
119439,2022-06-02 10:47:21.234037,"@NortonSupport docomoMailã¯Androidã‚¹ãƒãƒ¼ãƒˆãƒ›ãƒ³ã§ã—ã‹ã€é–²è¦§ã—ã¾ã›ã‚“ã€‚æ˜¨æ—¥ã€ãƒ‰ã‚³ãƒ¢ã‚·ãƒ§ãƒƒãƒ—ã§åº—å“¡ãŒdocomoMailã‚’ãƒ–ãƒ©ã‚¦ã‚¶ã§é–²è¦§ã—ã¦è¦‹ãˆãªã‹ã£ãŸã¨è¨€ã†ã“ã¨ã§ã™ã€‚
Gmailã¯ã„ã¤ã‚‚Macã§å—ä¿¡ã—ã¦ã„ã¦ã€Androidã‚¹ãƒãƒ¼ãƒˆãƒ›ãƒ³ã§ã¯ã€å—ä¿¡ã§ããªã„çŠ¶æ…‹ã§ã™ã€‚"
NortonSupport,2022-06-02 10:47:21.335025,"@119439 ã¾ãšdocomoMailã§ã™ãŒã€WiFiãƒ—ãƒ©ã‚¤ãƒã‚·ãƒ¼ã‚’ã‚ªãƒ³ã«ã™ã‚‹ã¨é€å—ä¿¡ã§ããšã€
ã‚ªãƒ•ã«ã™ã‚‹ã¨é€å—ä¿¡ã§ãã‚‹ã¨ã®ã“ã¨ã§ã™ãŒã€å…·ä½“çš„ã«ã€ã‚ªãƒ•ã®æ™‚ã¨ã‚ªãƒ³ã®æ™‚ã§
ãƒ¡ãƒ¼ãƒ«ã‚¢ã‚«ã‚¦ãƒ³ãƒˆã‚’é–‹ã„ãŸæ™‚ã€ã©ã®ã‚ˆã†ãªé•ã„ãŒã‚ã‚Šã¾ã™ã‹ã€‚"
119439,2022-06-02 10:47:21.440695,@119441 Androidã®ã‚¹ãƒãƒ¼ãƒˆãƒ›ãƒ³ã«ã‚¤ãƒ³ã‚¹ãƒˆãƒ¼ãƒ«ã—ãŸã‚‰ã€MailãŒä¸€åˆ‡æ¥ãªããªã‚Šã¾ã—ãŸã€‚
119441,2022-06-02 10:47:21.541527,â˜‘ï¸ãã®ãƒ•ãƒªãƒ¼Wi-Fiã€æœ¬å½“ã«å®‰å…¨ã§ã™ã‹ï¼Ÿ  https://t.co/AN5xcfDNuI
GloCare,2022-06-02 10:47:21.649876,"@119442 We apologize ,Kindly Dial #122*23# to unlock the bonus .Thank you.EE"
119442,2022-06-02 10:47:21.752850,"@GloCare I just dial d code again, it says I dnt have access to this service. What is this now glory ahh show me did bonus now wht is with ur nework"
GloCare,2022-06-02 10:47:21.854589,"@119442 Morning Smart, the line is on Jumbo and the bonus has been credited. Please dial the code #122*23# to check again.  TT"
119442,2022-06-02 10:47:21.960989,"@GloCare Am so tired glo. Any tim I dial Dat code it's same reply, u don't have access to ds service bt m on jumbo, too annoying d 50mb dnt tk 4mins"
GloCare,2022-06-02 10:47:22.064255,@119442 Perhaps you can restart your phone and redial. We still see your bonus from here. ^GM
119442,2022-06-02 10:47:22.167468,@GloCare Hv don n done dat it not work.  Again tel me why d 50mb data do not last pho 4mins?  Den u start taking my money from main act why
GloCare,2022-06-02 10:47:22.269345,"@119442 Evening, kindly provide your number for a quick check. AP"
119442,2022-06-02 10:47:22.376847,@GloCare 08079772477
GloCare,2022-06-02 10:47:22.480223,@119442 We apologize for any inconvenience you may have experienced. Kindly provide your number. Thank you. UO.
119442,2022-06-02 10:47:22.586704,@GloCare What about dis ur bonus check with *122*23# and *122*24# I cnt see nothing anytime I use dis codes to check dis ur 200200 jumbo wotever
GloCare,2022-06-02 10:47:22.688923,"@119442 If you did not get the sms, it means you were not qualified. UO"
119442,2022-06-02 10:47:22.791578,@GloCare 08079772477
GloCare,2022-06-02 10:47:22.892424,@119442 We apologize for any inconvenience you may have experienced. Kindly provide your number. Thank you. UO.
119442,2022-06-02 10:47:22.994132,@GloCare pls I dnt hv this freedata bt hv used Up to 100mb plus #300 worth of call card. Now u are even charging me 1 naira per mb why
GloCare,2022-06-02 10:47:23.096461,"@119034 We  apologize, Kindly be patient. It will be worked on.Thank you .EE"
AskTarget,2022-06-02 10:47:23.207612,"@119443 Please DM us, so we can provide more information regarding the apparel."
119443,2022-06-02 10:47:23.313002,".@116062, this is only available in the boy's section. Why can't girls be astronauts too? #stem #womeninSTEM #STEMinist @79268 https://t.co/tY2O01PORi"
GoDaddyHelp,2022-06-02 10:47:23.414189,"@119444 Hi, I just replied to your DM. ^Lisi"
119444,2022-06-02 10:47:23.515418,"@GoDaddyHelp Hi, I just replied to your DM. Thanks!"
119444,2022-06-02 10:47:23.617902,Hi @116068 @GoDaddyHelp Is your 'Search Engine Visibility' @861 plugin gone for good?? I mean it's activated but don't see anything..
SpotifyCares,2022-06-02 10:47:23.719372,@119445 Hey there! Can you DM us your account's username and email address? We'll take a look backstage /SY https://t.co/ldFdZRiNAt
119445,2022-06-02 10:47:23.823648,"@115888 I tried to upgrade to premium for 6.99 and my card was charged twice, and i am not even upgraded..please advice!"
AmazonHelp,2022-06-02 10:47:23.926150,@119446 The results will be announced soon. Kindly stay tuned for updates. ^AK
119446,2022-06-02 10:47:24.028029,@AmazonHelp Not yet announced?
119446,2022-06-02 10:47:24.132109,"#SuperValueDayQuiz

Where is the result of super value day quiz conducted on Oct 1 and 2 ? @AmazonHelp"
AmazonHelp,2022-06-02 10:47:24.233214,@119447 I'm sorry your Kindle hasn't arrived! Can you tell us the current tracking status? https://t.co/Y5jpI9gRhE ^EZ
119447,2022-06-02 10:47:24.334083,"@AmazonHelp ""Refused shipment - on the way back."""
AmazonHelp,2022-06-02 10:47:24.438520,"@119447 Oh my! Just to clarify, can you tell us who the carrier of this order is? ^AL"
119447,2022-06-02 10:47:24.540283,"@AmazonHelp It was Amazon Logistics.  But the device never made it to them and ""guaranteed Oct 31"" slipped to ""expected Nov 1-2""."
AmazonHelp,2022-06-02 10:47:24.641736,@119447 We'd like to look further into this. Please click the link and fill out the secure form:https://t.co/pM8TpjfEq6 ^EM
119447,2022-06-02 10:47:24.745199,"@AmazonHelp Oh, I cancelled it after your phone CSR explained to me that I didn't understand what ""guaranteed"" means.  #besteffort"
119447,2022-06-02 10:47:24.846182,"Fool me twice!  Another kindle release day, another missed ""guaranteed release day delivery""  #AMAZONFAIL"
AmazonHelp,2022-06-02 10:47:24.947402,@119448 get back to you on this. 2/2 ^SH
119448,2022-06-02 10:47:25.058599,"Dear #Amazon @115821 @115850 #GlobalStore. 50 days, No delivery, No response. https://t.co/R1KcEpWHvq"
AmazonHelp,2022-06-02 10:47:25.161533,@119448 Sorry to know the shipment hasn't been delivered yet. Please reply to the email received from us and we shall 1/2 ^SH
AmazonHelp,2022-06-02 10:47:25.264553,"@119449 I'm so sorry for the account trouble! Have you received an e-mail regarding this issue? If so, please reply to it for more info. ^CC"
119449,2022-06-02 10:47:25.374788,@115821 everytime I try to purachase something my account will get blocked.. worst service ever. sorry to tell that.
AmazonHelp,2022-06-02 10:47:25.476279,@119450 ã”å¿ƒé…ã‚’ãŠã‹ã‘ã—ã¦ãŠã‚Šã¾ã™ã€‚æ³¨æ–‡å±¥æ­´ã«è¨˜è¼‰ã®ãŠå±Šã‘äºˆå®šæ—¥ã‚’éãã¦ã„ã‚‹å ´åˆã€ç™ºé€å…ƒã‚’ã”ç¢ºèªã®ä¸Šã€ãã‚Œãã‚Œã®æ–¹æ³•ã§ãŠå•ã„åˆã‚ã›ãã ã•ã„ã€‚ã‚¢ãƒã‚¾ãƒ³ç™ºé€â†’https://t.co/NtNAX37Sr4 å‡ºå“è€…ç™ºé€â†’https://t.co/en9LCJIPPS ET
119450,2022-06-02 10:47:25.578853,"Amazonã§1é€±é–“ä»¥ä¸Šå‰ã«æ³¨æ–‡ã—ãŸã‚³ãƒ³ã‚¿ã‚¯ãƒˆãŒå…¨ç„¶å±Šã‹ãªã„ã‚“ã§ã™ã‘ã©ã€‚ã‚µã‚®ï¼Ÿã‚³ãƒ³ã‚¿ã‚¯ãƒˆã ã‹ã‚‰æ—©ããã¦æ¬²ã—ã„ã‚“ã§ã™ã‘ã©ã€‚å›°ã£ã¦ã‚‹ã‚“ã§ã™ã‘ã©ã€‚

ğŸ¤¬ğŸ¤¬ğŸ¤¬ğŸ¤¬ğŸ¤¬ğŸ¤¬ğŸ¤¬ğŸ¤¬ğŸ¤¬"
AmazonHelp,2022-06-02 10:47:25.689940,"@119451 number. Also, please don't provide order details, we consider it to be personal info. Our page is visible to the public.(2/2)^SF"
119451,2022-06-02 10:47:25.794662,@AmazonHelp Yes i have received reference number
AmazonHelp,2022-06-02 10:47:25.896261,@119451 Please share your detail here: https://t.co/GIJyeYqKE0 and I'll be glad to help you with an update about the refund. ^KA
119451,2022-06-02 10:47:25.998322,"@AmazonHelp Details sent, haven't received any communication from your side"
AmazonHelp,2022-06-02 10:47:26.102964,@119451 You should have received a correspondence from our social media team. Kindly check here: https://t.co/8DAc10S7ww and reply. ^MN
119451,2022-06-02 10:47:26.204872,"@AmazonHelp Order no - 403-7559101-5645129Â 
Return reference - 710398288491
Article name - puma shoes"
AmazonHelp,2022-06-02 10:47:26.306362,@119451 Sorry for the delay. Have you received the refund reference number? ^NS
119451,2022-06-02 10:47:26.408928,"Haven't received my refund, it's been more than a week @115850"
AmazonHelp,2022-06-02 10:47:26.510701,@119451 This being a social platform we can not access your account info. Please confirm if you've received the refund reference(1/2)^SF
AmazonHelp,2022-06-02 10:47:26.612052,"@119452 Please don't provide your order details, we consider it personal information. Our Twitter page is visible to public. ^AK 3/3"
119452,2022-06-02 10:47:26.716155,@AmazonHelp How many times will the pick-up be rescheduled? https://t.co/oQuGBF84QS
AmazonHelp,2022-06-02 10:47:26.817856,@119452 Sorry for the delay in pickup. Kindly contact us here: https://t.co/rS49hgaADF and we'll get the pick up done. ^SY
119452,2022-06-02 10:47:26.927570,@AmazonHelp Hi. This is where I'm stuck. When will you initiate the pick up? https://t.co/bVTocnrC1k
AmazonHelp,2022-06-02 10:47:27.030464,@119452 You may track your refunds using the link: https://t.co/LjYILTJREp. Please keep us posted. ^GS
119452,2022-06-02 10:47:27.131904,Hey @115850 @AmazonHelp I need an update on my refund! Can you help?
AmazonHelp,2022-06-02 10:47:27.238302,@119452 Please fill in your details using the link: https://t.co/JzRdscmdH9 and I'll get in touch with you soon. ^AK (2/3)
119452,2022-06-02 10:47:27.340062,@AmazonHelp You have all my details. Please expedite the process
AmazonHelp,2022-06-02 10:47:27.442382,@119452 Thanks for the update. If you've filled in your details our teams will reach out to you soon. ^VM
AmazonHelp,2022-06-02 10:47:27.521641,@119453 I'm sorry for the frustration. Who was the carrier for this delivery? You can check here: https://t.co/Y5jpI9gRhE ^EA
119453,2022-06-02 10:47:27.623353,.@115821 don't say you'll deliver the next business day then come back the same day. I won't let someone in my building I'm not expecting.
AmazonHelp,2022-06-02 10:47:27.725283,@119452 Apologies for the trouble with the pick up of the order. I'd like to take a closer look at this. ^AK (1/3)
AmazonHelp,2022-06-02 10:47:27.829405,@119454 We'd like to help you with the cash back. Kindly get in touch with our support team here: https://t.co/rS49hgaADF ^AK
119454,2022-06-02 10:47:27.931664,@AmazonHelp ok. Thanks.
119454,2022-06-02 10:47:28.033575,@AmazonHelp have a query regarding cash back during 14-17 October sale. Email/DM ?
AmazonHelp,2022-06-02 10:47:28.142460,@119455 I'm very sorry for the delay. Please keep us posted on the arrival. We want to make sure you get your order. ^TN
119455,2022-06-02 10:47:28.245644,Purolator put my Amazon order on the wrong truck so now it's not getting her until tomorrow =(
AppleSupport,2022-06-02 10:47:28.350449,@119456 Let's look into this for you. Send us a DM and we can check on available options. https://t.co/GDrqU22YpT
119456,2022-06-02 10:47:28.457204,@AppleSupport Watch the key change after Iï¸ write this. It does it on iMessage also. Iï¸ Iï¸ Iï¸ .
119456,2022-06-02 10:47:28.561750,@AppleSupport  https://t.co/O42dewcqa4
119456,2022-06-02 10:47:28.664385,"Hey @AppleSupport, what is going on with the â€œIï¸â€ key in iOS 11.1. When you press it, it defaults to a weird character and skips spaces. https://t.co/36PUW31SdN"
AppleSupport,2022-06-02 10:47:28.767915,@119457 We want to help! DM us and let us know more about the issues you are having. https://t.co/GDrqU22YpT
119457,2022-06-02 10:47:28.876011,@115858 so yâ€™all gonna fix this Iï¸ problem or......
AppleSupport,2022-06-02 10:47:28.977808,@119458 We offer support via Twitter in English. Get help in Spanish here: https://t.co/IBIY3vMgPj or join https://t.co/OczyRx7IOs
119458,2022-06-02 10:47:29.081213,Actualize a iOS 11.1 y sobrecalienta el equipo @1048 @119459 @119460 @AppleSupport
AppleSupport,2022-06-02 10:47:29.184688,"@119461 You should be able to access your iCloud contacts on the web. DM us, and we'll see what we can do. https://t.co/GDrqU22YpT"
119461,2022-06-02 10:47:29.285884,@AppleSupport Okay.
AppleSupport,2022-06-02 10:47:29.389690,@119461 We've received your DM and will continue there.
119461,2022-06-02 10:47:29.492151,"6 years later I still canâ€™t access Contacts on iCloud, what do we need to do to finally get this fixed, @AppleSupport? //cc @119462 https://t.co/EP9KWcig3M"
AppleSupport,2022-06-02 10:47:29.593691,"@119463 Weâ€™d love to help. To start, please send us a DM letting us your iPhone model. https://t.co/GDrqU22YpT"
119463,2022-06-02 10:47:29.704627,@AppleSupport why my phone doing this????
119463,2022-06-02 10:47:29.806062,Is anybody else phone doing this weird shit?!?!?! Wtf! https://t.co/DW4y8hNo1c
Delta,2022-06-02 10:47:29.911511,"@119464 I'm sorry Varathan, here is another # for the Baggage Team International. 404-209-3043 *TBT"
119464,2022-06-02 10:47:30.019040,@Delta I am not able to use this number from Canada. It takes me to some sweep stakes number. Any alternative??
Delta,2022-06-02 10:47:30.120687,"@119464 Oh my, Varanthan. Please reach out to our Baggage team at 800-325-8224 for assistance.  *HDG"
119464,2022-06-02 10:47:30.222883,@Delta I walked out of custom area without picking up my checked in bag in Montreal. Not sure how to call Delta and file a claim.
Delta,2022-06-02 10:47:30.324756,@119465 We can definitely understand how you feel.  *ALA
119465,2022-06-02 10:47:30.425591,@Delta Its so nice to have a company that cares... now I get to sit next to my husband and not have three hours of panic attacks on the plane
119465,2022-06-02 10:47:30.526939,I seriously love flying @delta! Couldnâ€™t get a pre-assigned seat so I called an explained my flight anxiety and they upgraded me for free!
Delta,2022-06-02 10:47:30.631944,"@119465 So  happy that we could help make your trip comfortable, Stephanie!  *HDG"
Delta,2022-06-02 10:47:30.734314,@119466 Thank you for being such a loyal customer!  *HDG
119466,2022-06-02 10:47:30.836398,@Delta Always providing great customer experience no matter the circumstance! Thank you as always! #Delta #airlines
Delta,2022-06-02 10:47:30.938058,@119467 That's not good. Please DM your confirmation number so I can look into this.  *HDG
119467,2022-06-02 10:47:31.042067,"@Delta Wow, my flight attendant is not at all kind. This is a first for me on delta... ğŸ˜"
119467,2022-06-02 10:47:31.143572,@Delta The flight attendant said â€œnot my problemâ€... so no. I would have corrected it with the gate agent if I had realized b
Delta,2022-06-02 10:47:31.246586,"@119467 Oh no, Megan! I'm so sorry we were unable to correct this before departure. Has a refund been requested for you?  *HDG"
119467,2022-06-02 10:47:31.347753,When YOU PAY for a #comfortselect seat 2 LHR but realize once on the flt u DID NOT get that seat?ğŸ˜¡ #deltafail &amp; Nothing can be done @Delta https://t.co/98tLthaFV3
SpotifyCares,2022-06-02 10:47:31.448978,@119468 Hey there! Here's a whole playlist of songs we think might help: https://t.co/k0bYw0dCVA /NQ
119468,2022-06-02 10:47:31.550648,@SpotifyCares You DO care ğŸ˜­
SpotifyCares,2022-06-02 10:47:31.657875,@119468 We sure do. Feel free to send a tweet our way if you ever need any help with anything ğŸ™‚ /NQ
119468,2022-06-02 10:47:31.759466,@115888 Give me a song to jam to so I forget about my no good ex who was a selfish prick. No country though thanksğŸ’•
comcastcares,2022-06-02 10:47:31.860689,"@119469 I see that you've recently posted about your Comcast services, DM your account # so I can look into this &amp; speak privately. ~DB"
119469,2022-06-02 10:47:31.962740,"@comcastcares thanks Comcast, no I didn't want to watch the World Series on your piss poor service."
comcastcares,2022-06-02 10:47:32.065826,"@119470 I see that you've recently posted about your Comcast services, DM your account # so I can look into this &amp; speak privately. ~DB"
119470,2022-06-02 10:47:32.170755,"@ComcastCares: #mobile_Care
Cable out Elkton md"
comcastcares,2022-06-02 10:47:32.271750,"@119471 I see that you've recently posted about your Comcast services, DM your account # so I can look into this &amp; speak privately. ~DB"
119471,2022-06-02 10:47:32.373829,"@ComcastCares
#mobile_CareXI tv and Internet continue to freeze up all night Long After 3 hour service call today!"
comcastcares,2022-06-02 10:47:32.476573,"@119472 with your full name, address, and account number so I can look into this issue. Thanks! -KW"
119472,2022-06-02 10:47:32.579014,@115900 I totally appreciate my cable outage during the World Series. You guys rock
comcastcares,2022-06-02 10:47:32.680943,@119472 I understand how frustrating it is when service is interrupted and I'd like to assist with your concerns. Please send a DM
TMobileHelp,2022-06-02 10:47:32.784623,"@119473 You've reached ""RockStar John"" here at T-MOBILE T-FORCE!!! Here and ready to assist you!!! *JohnO"
119473,2022-06-02 10:47:32.885937,@TMobileHelp Hi trying to redeem tmobile tuesday's vudu code today and it won't show me the list of movies to be redeemed. need help
TMobileHelp,2022-06-02 10:47:32.986789,"@119474 Awesome Hashtag! Tell all your friends to Hashtag #HR4HR, and let's see how much we can raise! *EddieGough"
119474,2022-06-02 10:47:33.090495,#HR4HR thanks @115911!
TMobileHelp,2022-06-02 10:47:33.193235,@119475 @115913 No hidden fees here! Check out all the details: https://t.co/qll71UZiuj. *MikeRice
119475,2022-06-02 10:47:33.294937,@115913 your 55 and over plan you say its $60 . Verizon doesn't  have that plan and say you have hidden fees on top of that T or F
TMobileHelp,2022-06-02 10:47:33.398266,@119476 Hey there! Let's make this right for you and get your problem resolved. I will meet you back in the DMs right away! :) *BrendanLee
119476,2022-06-02 10:47:33.508207,@TMobileHelp takes a special kind of incompetence to transfer someone 7 times and still not solve their problem
TMobileHelp,2022-06-02 10:47:33.610554,@119477 Oh no! Send us a DM and we'll see what we can do to fix it! *ErikS
119477,2022-06-02 10:47:33.714440,"@TMobileHelp Showing my age here, but what is a DM?"
119477,2022-06-02 10:47:33.815902,@TMobileHelp Please help
TMobileHelp,2022-06-02 10:47:33.917895,"@119477 Absolutely! We are here for you, Krista! Let me know if you can follow those steps I sent. *GeraldB"
119477,2022-06-02 10:47:34.021295,"@115911 @115911  usually love getting thanked on Tues, especially the vudu creds, which sadly didn't work this time. :( #depressedinsteadofscared"
TMobileHelp,2022-06-02 10:47:34.129245,"@119478 Hey, help us to help you. Gotta reach out in a PM if you need something *ErikS"
119478,2022-06-02 10:47:34.230414,I REALLY HATE YOU @115911
AmericanAir,2022-06-02 10:47:34.332374,"@119479 We're very sorry for this experience. If we can help with an update, then please share your flight number."
119479,2022-06-02 10:47:34.439442,@AmericanAir 454. They put us on one plane that was broken. Then they put us on another plane and thatâ€™s broken. I donâ€™t get it
119479,2022-06-02 10:47:34.541804,@AmericanAir flight people at the gate or not communicating to the gate area passengers
AmericanAir,2022-06-02 10:47:34.650286,"@119479 It looks like there's a maintenance delay and we've an estimated departure time of 10:40p. We'll get you in the air soon, Bennett."
119479,2022-06-02 10:47:34.752727,@AmericanAir Great thank you. I had a GREAT flight.
AmericanAir,2022-06-02 10:47:34.853771,@119479 We love hearing this and look forward to welcoming you on board again soon.
119479,2022-06-02 10:47:34.956152,Thanks @AmericanAir for putting us all on 2 broken planes. #stranded
AmericanAir,2022-06-02 10:47:35.058789,@119480 Let us know what you think! We're excited to have you on board.
119480,2022-06-02 10:47:35.159874,My flight to MIA next week is on the 1st day @AmericanAir is offering a new pre-order fruit &amp; cheese plate option in Fâ€¦ will try it &amp; see ğŸ¤”
AmericanAir,2022-06-02 10:47:35.261596,@119481 Is there some way we can help?
119481,2022-06-02 10:47:35.363132,@AmericanAir Yes. Refund my plane ticketğŸ˜¡ with your racist ass workers
AmericanAir,2022-06-02 10:47:35.464256,@119481 We don't tolerate discrimination of any kind. Please DM your record locator and contact details (phone and email).
119481,2022-06-02 10:47:35.567833,@AmericanAir And I wonâ€™t be flying with your air lines AGAIN -a angry customerğŸ˜¡
AmericanAir,2022-06-02 10:47:35.670782,@119481 We'll respond shortly via DM.
119481,2022-06-02 10:47:35.772988,"@AmericanAir the Stewardess made a very racist comment, followed behind telling me to shut up. I donâ€™t appreciate it."
119481,2022-06-02 10:47:35.877210,I hate @AmericanAir
AmericanAir,2022-06-02 10:47:35.984801,@119482 Prices can change very quickly. They're based on availability.
119482,2022-06-02 10:47:36.089607,@AmericanAir Literally in less than 5 minutes. And those flights are 2 months away and are nearly empty.  Awful customer service to a loyal customer.
119482,2022-06-02 10:47:36.191788,@AmericanAir You increased the price of two near-empty flights while I was paying. Seriously? Is this even legal? Platinum status means nada https://t.co/gkbOFbmNaI
AmericanAir,2022-06-02 10:47:36.293831,"@119483 Absolutely, please DM your 6 letter record locator and we'll let you know."
119483,2022-06-02 10:47:36.395291,@AmericanAir my dad bought me a ticket and i have no idea if i can bring a carry-on with my personal item... can you help?!
TMobileHelp,2022-06-02 10:47:36.498439,@119484 @115913 Hey! Choosing a device is a personal choice and we'd love to answer any questions you may have to help narrow it down. Send me a DM so we can chat. https://t.co/3sF8qpf2nx *AlissaFast
119484,2022-06-02 10:47:36.600128,@TMobileHelp @115913 Would you have any suggestions as far as upgrading to a new phone. But not an iPhone.
TMobileHelp,2022-06-02 10:47:36.700892,@119484 @115913 I love this time of year for great deals! We have a list of current offers here https://t.co/UrhUIeKReg Iâ€™d suggest keeping an eye here https://t.co/Rs7ud2PYPg for anything new that might come along. https://t.co/Et1Fu7xZtb *BarbPelotte
119484,2022-06-02 10:47:36.803386,@115913 Question for you. What Black Friday deals on phones will T-Mobile offer? Because I love my Note 5 but want/need to upgrade!!!
AmericanAir,2022-06-02 10:47:36.907147,"@119485 We'd like to make sure this is fixed, please DM your record locator. Also, did you let our crew know?"
119485,2022-06-02 10:47:37.008728,"fuck @AmericanAir $2,200 for a one way first class ticket n ur shit chairs donâ€™t recline back nor foot rest raise up! Food was awful! ğŸ‘ğŸ¿â˜¹ï¸ğŸ˜¤"
AmericanAir,2022-06-02 10:47:37.109649,@119486 You'll use our 6 letter record locator since the first leg of your trip is with us.
119486,2022-06-02 10:47:37.211456,@AmericanAir Do I need to check in for my Qantas leg separately?
AmericanAir,2022-06-02 10:47:37.312496,@119486 You shouldn't need to. Let our airport team know if you need assistance on the day of departure.
119486,2022-06-02 10:47:37.414090,"@AmericanAir if I booked through Qantas for a trip to SYD but first leg to SFO is American Air, which confirmation# do I use to check in?"
TMobileHelp,2022-06-02 10:47:37.521365,@119487 @115913 Hi Michael! I'd be sad to see you go and we'd love to take a closer look at your specific location. Send me a DM so we can work on this together. https://t.co/3sF8qpf2nx *AlissaFast
119487,2022-06-02 10:47:37.623959,"@115913 Can we please get a stronger signal in Forest Lake, PA?  Don't want to leave TMobile."
115913,2022-06-02 10:47:37.728175,"Perks of following me? I giveaway free stuff during the holidays! Get ready, Jolly John is coming to town and you could win awesome prizes!"
ChipotleTweets,2022-06-02 10:47:37.829210,@118420 ğŸ˜ -Becky
118420,2022-06-02 10:47:37.930108,ğŸ‘ğŸ¼to @chipotletweets for a scary-good deal on my Boorito salad bowl that was to die for.â€¦ https://t.co/ThP4dH6vZL
ChipotleTweets,2022-06-02 10:47:38.032999,"@119488 We appreciate you stopping by, my friend. Enjoy! -Becky"
119488,2022-06-02 10:47:38.140314,@ChipotleTweets thank you and I shall.
119488,2022-06-02 10:47:38.242796,@ChipotleTweets @1065 $3 booritos! The man they call Jayne. https://t.co/duBORhhcnz
ChipotleTweets,2022-06-02 10:47:38.343601,@119489 Thanks for stopping by! -Becky
119489,2022-06-02 10:47:38.445360,"Halloween boo-rito run to Chipotle!  Thanks for making our night, @ChipotleTweets

@119490 @1073 @119491 @119492 https://t.co/egOA2cSsC9"
ChipotleTweets,2022-06-02 10:47:38.548703,@119493 That doesn't sound good. Please tell us more here: https://t.co/Ax7W1Dx3Y9 -Becky
119493,2022-06-02 10:47:38.649808,These parents didn't get the memo that @ChipotleTweets is not a playground ğŸ˜©
British_Airways,2022-06-02 10:47:38.755275,"@119494 Can we help at all, Claire? Feel free to DM us if you prefer. ^Lolly"
119494,2022-06-02 10:47:38.857268,"@British_Airways have an enquiry to make and called 0344 493 0787 - it tells me the no. not in use, is there an alternative? (Before 20.00)"
British_Airways,2022-06-02 10:47:38.961575,@119495 Hi Janette. Were you given a WorldTracer reference? If so you can check for updates here: https://t.co/wgnDp22XDr. ^Lolly
119495,2022-06-02 10:47:39.063756,@British_Airways Got our cases back today after several phone calls. Your member of staff last night was shocking.  Didnt give a damn that we were upset
119495,2022-06-02 10:47:39.165365,@British_Airways Just spoke to a useless member of your staff. Didnt care about 6 of our 7 cases still lost. They might turn up in 3 or 4 days wtf!!!!!
British_Airways,2022-06-02 10:47:39.275588,"@119495 We're sorry about this, Janette. Our team are working hard to reunite our passengers with their bags as quickly as possible. ^DaniH"
119495,2022-06-02 10:47:39.378511,"@British_Airways not happy Flown for years with you, never again.  Arrived back at Edinburgh Orlando then Gatwick 42 bags still in London."
SouthwestAir,2022-06-02 10:47:39.480778,@119496 All that glitters is gold when you're onboard! See you again soon! ^SL
119496,2022-06-02 10:47:39.583164,Wheels down #H-town! ğŸ¤˜ğŸ½ @SouthwestAir #Views https://t.co/aZLG8xVAkr
SouthwestAir,2022-06-02 10:47:39.685911,@119497 We're saddened to learn you're upset with us. Is there anything we can assist you with here? ^MA
119497,2022-06-02 10:47:39.787580,"@SouthwestAir Ideally you could start by teaching the baggage staff customer service at mdw, or offer more flights mke so they aren't so inconvenienced."
SouthwestAir,2022-06-02 10:47:39.890270,@119497 We apologize if we missed an opportunity to be of better service to you &amp; appreciate your feedback as we're always looking to improve. ^LC
119497,2022-06-02 10:47:39.991730,@SouthwestAir failure again on baggage. Service failed in handling situation as well. Disappointed and thinking about a change.
hulu_support,2022-06-02 10:47:40.092994,"@119498 Oh no! Are you still running into buffering? If so, please check your speeds meet our reqs here: https://t.co/8x1k3V3gxT."
119498,2022-06-02 10:47:40.194124,"@hulu_support 110.97 download
19.26 upload
24 latency
Those are my WiFi speeds. I think they are more than adequate"
hulu_support,2022-06-02 10:47:40.297999,@119498 Definitely more than adequate! What device are you using to stream? Do you come across any error messages?
119498,2022-06-02 10:47:40.399447,"@hulu_support Iâ€™ve spent hours on the phone trying everything they could think of. In the end, they said the Live TV was not working in my area"
119498,2022-06-02 10:47:40.506322,@hulu_support On the phone with Hulu support
hulu_support,2022-06-02 10:47:40.614563,@119498 We're sorry to hear about the ongoing frustration. Our phone team will be able to provide more insight. We'll share the feedback.
119498,2022-06-02 10:47:40.716104,"@hulu_support Apple TV, PC running Crome and Firefox, iPhone. None of them work. I have also tried cellular data in addition to my internet service"
119498,2022-06-02 10:47:40.824550,@hulu_support Do you have any idea when I will be able to watch live TV again?  I do t want to go back to SlingTV.
hulu_support,2022-06-02 10:47:40.925655,@119498 Sorry to hear we weren't able to immediately remedy the issue! We'll share the feedback as we continue to make enhancements.
119498,2022-06-02 10:47:41.028155,@hulu_support Yes. I talked to customer support last night and today. Still no resolution. They said it may not be resolved for days
hulu_support,2022-06-02 10:47:41.132262,"@119498 Oh no! We did have a hiccup earlier on Sunday, but this should now be resolved: https://t.co/iwd4qdktMg. Still running into this?"
119498,2022-06-02 10:47:41.235585,@hulu_support my live tv still isnâ€™t working. Iâ€™ve tried all the reset stuff.  Non-live works fine. When will live tv work again?
hulu_support,2022-06-02 10:47:41.338332,"@119499 Sorry--Hulu is only available in the U.S. at this time, but we'll share the interest in coming to India! ğŸ‡®ğŸ‡³"
119500,2022-06-02 10:47:41.440521,"@hulu_support @119499 Don't worry - once it gets there, it's going to be as unreliable and useless as it is in the US."
119499,2022-06-02 10:47:41.541694,@hulu_support can i subscribe from india?
hulu_support,2022-06-02 10:47:41.643191,"@119501 Sorry, Jake! What issue are you coming across? What device are you using? For now, try rebooting your device &amp; modem/router."
119501,2022-06-02 10:47:41.754543,@115940 GET. IT. TOGETHER!! Fix it. #HuluLiveTV #WorldSeries
hulu_support,2022-06-02 10:47:41.863218,"@51793 Hey, Terry! We'll be sure to share the interest in seeing Leverage stick around+in adding Justified w/our content team!"
51793,2022-06-02 10:47:41.964107,@115940 @hulu_support can you guys/gals please see about adding @98885 to your Fox/FX lineup of shows with the new contract???? ğŸ”«ğŸ¤ 
hulu_support,2022-06-02 10:47:42.072578,"@119502 That's not what we like to hear, Bill. What issue are you coming across? What device are you using? We're here to help."
119502,2022-06-02 10:47:42.176855,@hulu_support ?
119502,2022-06-02 10:47:42.281003,@hulu_support Would you refund my 50 bucks
119502,2022-06-02 10:47:42.382068,@hulu_support Video not found every 5 mins
hulu_support,2022-06-02 10:47:42.483531,@119502 Does this error pop up for a particular channel? Any difference on another browser? Please also try: https://t.co/6xNmexfdiX.
119502,2022-06-02 10:47:42.585881,@hulu_support How about a refund for interrupting #worldseries2017
hulu_support,2022-06-02 10:47:42.688521,"@119502 Our sincere apologies again, Bill. We'd like to take a close look at what's going on via phone/chat: https://t.co/6YdK7bvQN7."
119502,2022-06-02 10:47:42.798551,@hulu_support On every browser.
119502,2022-06-02 10:47:42.901236,@hulu_support No. It pops up across your platform.
119502,2022-06-02 10:47:43.002746,@hulu_support MacBook Pro
119502,2022-06-02 10:47:43.112120,@115940 your live stream sucks
Ask_Spectrum,2022-06-02 10:47:43.216673,@119503 Thank you! Can you provide with your zip code so I can check the site now? ^DT
119503,2022-06-02 10:47:43.321507,@Ask_Spectrum 83001
Ask_Spectrum,2022-06-02 10:47:43.423973,@119503 Thank you! Let me check on this for you now. One moment please. ^DT
Ask_Spectrum,2022-06-02 10:47:43.526574,"@119503 Thank you for your patience, I was able to log in. Does it allow you to get to the log in page at all? Also, can ... https://t.co/0FBFpnwi08"
119503,2022-06-02 10:47:43.629377,"@Ask_Spectrum No, every single page comes up blank, just like the one I sent you."
Ask_Spectrum,2022-06-02 10:47:43.731884,"@119503 Thank you, can you try another browser? If not, can you clear your Cache and Delete the cookies and try it again. ^DT"
119503,2022-06-02 10:47:43.832938,@Ask_Spectrum  https://t.co/bmjKKQvUnh
119503,2022-06-02 10:47:43.937315,@Ask_Spectrum No. It's just completely blank. All other web pages are loading.
Ask_Spectrum,2022-06-02 10:47:44.043424,@119503 Good evening! I am very sorry you experienced a concern with our On Line payment option. Are you receiving a particular error message? ^DT
119503,2022-06-02 10:47:44.147376,".@Ask_Spectrum it's impossible for me to pay my bill if your web pages don't load. On that note, isn't making sure web pages load your job?"
sprintcare,2022-06-02 10:47:44.249120,@119504 We apologize for the misunderstanding. You check the status of your order at https://t.co/RDgqxv7W9w . - KC
119504,2022-06-02 10:47:44.352434,@sprintcare ????? https://t.co/1ipFZBAKom
119505,2022-06-02 10:47:44.453516,@119504 @sprintcare All orders say ready for ups like damn
119504,2022-06-02 10:47:44.561915,@sprintcare Then thatâ€™s giving false info because my email said 10/30 never got an update and then ups is saying 11/3 and now your saying 11/21 ğŸ¤¦ğŸ¾â€â™‚ï¸
sprintcare,2022-06-02 10:47:44.665296,@119504 The iPhone X will start to be delivered by 11/14. You can get more information by clicking this link: https://t.co/xJXdj2F9rR . - KC
119504,2022-06-02 10:47:44.770320,@119506 @115714 Same boat as you it says order processed: ready for UPS
119506,2022-06-02 10:47:44.876281,"So I ordered the iPhone X on Friday and paid for the mandatory overnight shipping, but yet I wonâ€™t receive it til Friday? @115714"
sprintcare,2022-06-02 10:47:44.979705,"@119507 Please send us a Direct Message, so that we can further assist you. -AL"
119507,2022-06-02 10:47:45.082046,@119508 @115714 Michael been complainin bout how his service didnt work since the hurricane and he reseted his phone now it doesnâ€™t work so fix it ğŸ˜¤
119508,2022-06-02 10:47:45.190140,@119507 ima go to sprint and see what they can do about it
119507,2022-06-02 10:47:45.292943,@119508 Damn ğŸ˜©ğŸ˜© when you gon get a new phone?
119508,2022-06-02 10:47:45.394623,@119507 oml ty my phone doesnt work anymore
119507,2022-06-02 10:47:45.499393,@119508 Of course I did ğŸ˜‹ğŸ˜‹
119508,2022-06-02 10:47:45.600432,@119507 my phone is broken are you doing my streaks? please
sprintcare,2022-06-02 10:47:45.701682,@119509 Hey there! What seems to be the issue today? -MM
119509,2022-06-02 10:47:45.803142,@sprintcare I HAVE A BIG ISSUE WITH YA'LL HELLO
sprintcare,2022-06-02 10:47:45.907520,@119510 We will be glad to have you join our Sprint family. Please reach us via DM for more details. - VC
119510,2022-06-02 10:47:46.009011,"@119511 I'm being over billed, I'm about to cancel my contract and go to @115714."
sprintcare,2022-06-02 10:47:46.114696,"@119512 Please send us a Direct Message, so that we can further assist you. -JE"
119512,2022-06-02 10:47:46.218447,@115714 upgrade your voicemail to let me stop blocked numbers from leaving voicemails
sprintcare,2022-06-02 10:47:46.319894,"@117877 Hello! Thank you for contacting us, this is really concerning to us, please send us a DM to further assist you. -JG."
117877,2022-06-02 10:47:46.420880,"Itâ€™s this outsourcing mess, I donâ€™t wanna speak to someone in India about an issue in New York https://t.co/UZiTWIpVRk"
AskPlayStation,2022-06-02 10:47:46.521822,@119513 We have sent you a Direct Message via Twitter with further instructions.
119513,2022-06-02 10:47:46.622819,@AskPlayStation Iâ€™ve tried all the suggestions and still gives me the error code
AskPlayStation,2022-06-02 10:47:46.731980,"@119513 Glad to assist! Please check the steps for error code CE-34878-0: https://t.co/W7AhTUulnd 
Let us know the results!"
119513,2022-06-02 10:47:46.838159,@AskPlayStation I keep getting a CE error trying to load my @119514 myplayer. Error code is CE-34878-0
AskPlayStation,2022-06-02 10:47:46.944149,@119515 Hi there. Please scroll down in the next article to see the steps to download: https://t.co/AOMUhFX5qq
119515,2022-06-02 10:47:47.050255,@115765 @AskPlayStation I can't preload WW2 for some reason on PS4. Gamertag CAPTNCOD. Any suggestions? https://t.co/Da66LYmIh5
CoxHelp,2022-06-02 10:47:47.159471,"@119516 Hello, this does not sound good.  Can you DM the account name and complete service address? We would like to help. -Dan"
119516,2022-06-02 10:47:47.263583,"@CoxHelp Itâ€™s working now, thank you."
CoxHelp,2022-06-02 10:47:47.365972,"@119516 Sounds great, and please let us know in the future if we can help.  -Dan"
119516,2022-06-02 10:47:47.468226,@116021 @CoxHelp internet in Summerlin is out?
CoxHelp,2022-06-02 10:47:47.570073,"@119517,  We do apologize for the inconvenience and hope to have it restored soon as we can. = JJ 3/3"
119517,2022-06-02 10:47:47.672591,@116021 still no solution for Rhode Island??
CoxHelp,2022-06-02 10:47:47.780883,"@119517, restore power we will not be able to provide any clear updates.2/3"
CoxHelp,2022-06-02 10:47:47.883711,"@119517, This outage is due to commercial power where our signal transmitter is located is out. Until the power company can 1/2"
CoxHelp,2022-06-02 10:47:47.992381,"@119518 Jonathan, we're to help! Please DM your full address and I can check the services for you. Thanks  -Karen"
119518,2022-06-02 10:47:48.103654,"@CoxHelp The internet has gone out yet again , and I have been waiting on a call back from a manager and still have not received a call"
CoxHelp,2022-06-02 10:47:48.212441,@119518 Oh No.  That is not the Cox experience we want you to have.  What issue are you having with your service? -Mark https://t.co/ovAKPbiuQa
119518,2022-06-02 10:47:48.315675,@CoxHelp I was just on the phone with you guys for 30 mins and nothing was resolved and I was hung up on. I will be canceling my service.
idea_cares,2022-06-02 10:47:48.420111,"@119519 Apologies for the trouble. We understand how frustrating this can be. Your satisfaction means everything to us. We are working on your concern. 
Regards,
Darshan."
119519,2022-06-02 10:47:48.522554,"@idea_cares Darshan Iâ€™m sick of such poor quality, I feel I was happy using wifi service at least I didnâ€™t knew what poor quality of internet service you offer to customers claiming it as 4G.."
idea_cares,2022-06-02 10:47:48.629523,"@119519 Apologies for the trouble. We understand how frustrating this can be. Please bear with us as it is taking a bit longer than usual. We will sort this out at the earliest.
Rgds,
Darshan."
119519,2022-06-02 10:47:48.730887,"@idea_cares is this what you offer me as internet service?? No 4G, 3G, 2G, you give me GPRS service ğŸ˜‚ Iâ€™m shocked as Iâ€™m running on iPhone 7 https://t.co/xplrrFiR6P"
idea_cares,2022-06-02 10:47:48.833699,"@119520 Hope we have addressed your query. Have a great day!
Regards,Shweta"
119520,2022-06-02 10:47:48.936504,"@idea_cares Again store is not doing it ..they are asking to bring id proof for local reference 
Store name : om sai telecommunication sinhgad road pune"
idea_cares,2022-06-02 10:47:49.047576,"@119520 Apologies for the inconvience caused to you.Request you to visit some other Idea store,If you face same issue please write us back"
119520,2022-06-02 10:47:49.149135,"@idea_cares Thank you soo much :)

I will this message in the store and get my #AADHAR updated"
idea_cares,2022-06-02 10:47:49.254164,"@119520 Apologies for trouble, you can be able to link the number in maharashtra circle only aadhar card will do of any state.
Rgds,Amruta"
119520,2022-06-02 10:47:49.361101,"@idea_cares   I am having maharastra number but my aadhar is having rajasthan's address , how can i link my addhar with SIM  , I went to store and they denied to update ( the same number is already registered in #aadhar database)"
AlaskaAir,2022-06-02 10:47:49.462844,@119521 Not always necessary. Our Reservations Team will be able to assist at (800) 252-7522 -Kimball
119521,2022-06-02 10:47:49.568343,@AlaskaAir Is it possible to add a middle name to a flight reservation? Is it necessary?
Postmates_Help,2022-06-02 10:47:49.672825,@119522 We're so sorry to hear that! Please DM us your account email so we can look into this asap!
119522,2022-06-02 10:47:49.776296,@116057 I ordered a delivery to the correct address and my delivery person â€œcompletedâ€ the order but I NEVER got it. Iâ€™m hungry. ğŸ•ğŸ• now!
AzureSupport,2022-06-02 10:47:49.880137,@119523 We were able to find a couple of sources for you; https://t.co/BICnk9waQQ and https://t.co/xjhvxHvYLq Hope that helps. ^MM
119523,2022-06-02 10:47:49.987052,"@AzureSupport Since I'm running there some processes of importance, I want to know how does azure handle update? Will it stop my job in the middle of smth"
AzureSupport,2022-06-02 10:47:50.089630,"@119523 The Local Development section is the closest info we found: https://t.co/XPQQH7tEzJ
If that doesn't help, let us know. ^MM"
119523,2022-06-02 10:47:50.191397,"@AzureSupport Not exactly, but thanks."
AzureSupport,2022-06-02 10:47:50.294224,@119523 Can you post on  https://t.co/U1BAxPBmjn  and send us the link? We'd like to connect you with an engineer to discuss. ^MM
119523,2022-06-02 10:47:50.395707,"@AzureSupport thank you, MM. I already run my job as singleton. I wonder, when I deploy a new release, what happens to my job. Is it stopped? How?"
AzureSupport,2022-06-02 10:47:50.499765,@119523 We will look into this and get an answer to you shortly. ^MM
119523,2022-06-02 10:47:50.601252,"@AzureSupport wondering, what is going on when I deploy a new version of singleton webjob to production? Any docs on that?"
AzureSupport,2022-06-02 10:47:50.702768,"@119524 Could you direct message us with more information on the issue you are experiencing? ^MM
 https://t.co/EYpi1mphGM"
119524,2022-06-02 10:47:50.805147,@azuresupport #azTechHelp Why does my guest user canÂ´t access to text analysis appy? He is only getting a mail from Azure Active Directory
AirAsiaSupport,2022-06-02 10:47:50.908348,"@119525 Hi Tohplatu, kindly tweet us in English or you may contact Thailand Call Centre +66 2 515 9999 for further assistance. Thanks -Mar"
119525,2022-06-02 10:47:51.010022,@AirAsiaSupport à¸­à¸¢à¸²à¸à¸ªà¸­à¸šà¸–à¸²à¸¡à¸–à¹‰à¸²à¸¥à¸¹à¸à¸„à¹‰à¸²à¸­à¸¢à¸²à¸à¸‹à¸·à¹‰à¸­à¸•à¸±à¹‹à¸§à¹à¸•à¹ˆà¸ˆà¸°à¸—à¸³à¹€à¸›à¹‡à¸™ Gift Voucher à¸•à¹‰à¸­à¸‡à¸—à¸³à¸­à¸¢à¹ˆà¸²à¸‡à¹„à¸£à¸šà¹‰à¸²à¸‡ à¸•à¸´à¸”à¸•à¹ˆà¸­à¹„à¸›à¸«à¸¥à¸²à¸¢à¸—à¸²à¸‡à¹à¸¥à¹‰à¸§ à¹à¸•à¹ˆà¹„à¸¡à¹ˆà¹€à¸„à¸¢à¹„à¸”à¹‰à¸„à¸³à¸•à¸­à¸šà¸„à¸£à¸±à¸š
AskeBay,2022-06-02 10:47:51.113764,@119526 If a buyer has a negative feedback for not paying it's not going to stop them from bidding on your item. If you set up buyer requirements correctly you can restrict them from bidding if they've had an unpaid item case: https://t.co/5GCQb0r3Is. ^BC
119526,2022-06-02 10:47:51.216164,"@AskeBay So maybe theyâ€™re restricted in the future, maybe not? And as a seller I have no idea how reliable a buyer is? Yea thatâ€™s a horrible setup."
AskeBay,2022-06-02 10:47:51.317410,@119526 I appreciate it is frustrating but leaving a negative feedback won't stop them from doing it again. If you open an unpaid item case they will receive a strike for non payment which can lead to restrictions from bidding in future. ^BC
119526,2022-06-02 10:47:51.422162,Hey @115937 It's crazy to me that you can't leave negative feedback on a buyer that never contacts you or makes any effort to pay for an auction. It only makes more work for me to chase them around and relist.
AskLyft,2022-06-02 10:47:51.525480,"@119527 Hey, there! We are sorry to hear this. We want to look into this for you. Please DM us your phone number, and more details on this ride. https://t.co/SXpdictw1A"
119155,2022-06-02 10:47:51.628273,@AskLyft @119527 hi you've yet to refund me for the ride where the driver took me to the wrong location and grabbed my arm
119527,2022-06-02 10:47:51.731493,Yeah so @115879 gave me the worst ride of my life just now Iâ€™m disgusted
GloCare,2022-06-02 10:47:51.833049,@119528 You are welcome. ET.
119528,2022-06-02 10:47:51.934201,@GloCare I'm yet to receive my refunds
GloCare,2022-06-02 10:47:52.035979,@119528 Kindly be patient. ET.
119528,2022-06-02 10:47:52.146976,"@GloCare I'm yet to receive my refunds, this is 48hrs nw and recharging my line is bcoming an issue as my credit doesn't last on my line."
GloCare,2022-06-02 10:47:52.249174,"@119528 Good morning Datonye. We apologize, kindly exercise patience. We are still looking into it. Thank you. FA"
119528,2022-06-02 10:47:52.351904,@GloCare thank u
GloCare,2022-06-02 10:47:52.453252,@119528 The VAS on the line has been deactivated. A refund is being processed. Kindly be patient.  TT
119528,2022-06-02 10:47:52.554110,@GloCare  this was on the 2nd of this November
GloCare,2022-06-02 10:47:52.659535,"@119528 Kindly send  STOP to 55357 , DEREG to 7728  to deactivate the VAS. You may send STOP to 2442 for full VAS DND.  TT"
119528,2022-06-02 10:47:52.760219,@GloCare 08054337870
GloCare,2022-06-02 10:47:52.862124,"@119528 Afternoon Daytonye, kindly provide your mobile number for checks and assistance.  TT"
119528,2022-06-02 10:47:52.964956,@GloCare it has become obvious dat my units are taken illegally. I recharged 300 last week never called for even a minute but yesterday...
AskAmex,2022-06-02 10:47:53.067472,@119529 Good Morning. There is a Centurion Lounge at terminal 3 and 2 other lounges depending on who you are flying. ^RK
119529,2022-06-02 10:47:53.168513,@AskAmex Iâ€™m flying air Canada. Do they normally leave from t3 at sfo?
AskAmex,2022-06-02 10:47:53.271423,"@119529 Hello there. Is this concerning a US Amex Card? We currently only have access to card specifics, not flight details. ^Rachel"
119529,2022-06-02 10:47:53.372971,@AskAmex Hi which lounges does my platinum card get me access at sfo international terminal? Thanks
AskAmex,2022-06-02 10:47:53.473829,@119529 If you need further assistance please let me know. ^fd
119529,2022-06-02 10:47:53.575503,@AskAmex where do I find a list of all the centurion lounges? Thanks
AmazonHelp,2022-06-02 10:47:53.676373,@119530 ã‚¢ãƒã‚¾ãƒ³ã§ã™ã€‚å¹´ä¼šè²»è«‹æ±‚å¾Œã‹ã‚‰ãƒ—ãƒ©ã‚¤ãƒ ç‰¹å…¸ã®ã”åˆ©ç”¨ãŒãªã‘ã‚Œã°é€€ä¼šæ‰‹ç¶šãã„ãŸã ã‘ã‚Œã°å¹´ä¼šè²»ã‚’è¿”é‡‘ã„ãŸã—ã¾ã™ã€‚ãŠæ‰‹ç¶šãæ–¹æ³•ã¯ã“ã¡ã‚‰ã‚’ã”å‚ç…§ãã ã•ã„ã€‚https://t.co/qKnXZ15CCV ET
119530,2022-06-02 10:47:53.778473,ãƒŸã‚¹ã£ã¦Amazonãƒ—ãƒ©ã‚¤ãƒ å¹´é–“ã§è‡ªå‹•æ›´æ–°ã•ã‚Œã¦ãŸæ­»ã«ãŸã„
AmazonHelp,2022-06-02 10:47:53.880454,"@119531 The link to the item can be tweeted to us here, or reviewed here: https://t.co/hApLpMlfHN ^QJ"
119531,2022-06-02 10:47:53.983247,@AmazonHelp Where do I send it to?
AmazonHelp,2022-06-02 10:47:54.085630,@119531 We recommend removing this photo as it contains personal info. Will you share a link to this item so we can look into this? ^SY
AmazonHelp,2022-06-02 10:47:54.187949,@119532 Thanks for keeping us posted. I'll pass along your comments to our team and we'll work on this. ^GK
119532,2022-06-02 10:47:54.288776,Thanks @AmazonHelp for solving my issue . But after 8 day it's really long time you took to solve . But #thanks
AmazonHelp,2022-06-02 10:47:54.389896,@119533 get back to you.  Please donâ€™t provide your details as we consider them to be personal information. Our page is public. 2/2 ^SH
119533,2022-06-02 10:47:54.495595,"@115850 Earlier this month it happened for Order# 406-8378174-9300362. Complained, escalated. No lessons learnt, no actions taken."
119533,2022-06-02 10:47:54.600250,"@115850 Yerwada, Pune delivery folks r habituated/instructed to mark package delivered, wen customer not reachable n product nt delivered"
AmazonHelp,2022-06-02 10:47:54.704463,@119533 I'd like to look into the issue and set things right. Please provide your details here:  https://t.co/qXx9jEknlQ and 1/2 ^SH
AmazonHelp,2022-06-02 10:47:54.807732,@119534 I'm sorry for any inconvenience! Can you tell us when your order is due to arrive? ^EZ
119534,2022-06-02 10:47:54.909173,@AmazonHelp My order is due to arrive on Friday
AmazonHelp,2022-06-02 10:47:55.010660,@119534 Orders can ship at any time; once the order has been processed it will be assigned a tracking number. ^LR
119534,2022-06-02 10:47:55.115962,@AmazonHelp Ahhh okay makes sense :) thank you! I hope my package comes Friday ğŸ™Œ
AmazonHelp,2022-06-02 10:47:55.221402,@119534 Please keep us posted as we want to make sure your order arrives!  ^AG
119534,2022-06-02 10:47:55.322816,My package still doesnâ€™t have a tracking number @115821  I ordered  last week...and no updated email just says not shipped ...
AmazonHelp,2022-06-02 10:47:55.433830,@119535 I'm sorry about the experience. Kindly share your details here: https://t.co/beaaDm0muc and we'll check. ^GK
119535,2022-06-02 10:47:55.536662,@AmazonHelp Ur customer care didnt provide me a correct answer
AmazonHelp,2022-06-02 10:47:55.641481,@119535 time frame has passed and you haven't received any update or if you aren't satisfied with seller's reply then you may file 2/n ^SH
119535,2022-06-02 10:47:55.744503,@115850 No speedy respnse frm the seller side..I asked 2 return my money but they are not ready 2 clr my issue i need my query to b solved
AmazonHelp,2022-06-02 10:47:55.853477,@119535 the A-z guarantee claim. You can know more about A-z guarantee claim here: https://t.co/cly38I8avX 3/3 ^SH
AmazonHelp,2022-06-02 10:47:55.955471,"@119535 Sorry to know the seller hasn't responded to your query. Generally, the seller's respond with in 2 business days if this 1/n ^SH"
AmazonHelp,2022-06-02 10:47:56.066524,@119536 here: https://t.co/beaaDm0muc and Iâ€™ll contact you soon. 2/2 ^AH
119536,2022-06-02 10:47:56.170802,@AmazonHelp Itâ€™s okay. Iâ€™ve got it done. Donâ€™t need ur assistance anymore. #ServiceFailure
119536,2022-06-02 10:47:56.275749,@AmazonHelp Bought a washing machine from Amazon and had a nightmare getting it installed. Neither you guys or the brand was helpful.
AmazonHelp,2022-06-02 10:47:56.379390,@119536 Seems like you've had an unpleasant experience. Could you elaborate so that we could assist you accordingly? ^ST
119536,2022-06-02 10:47:56.488291,Never buy large appliances from @115850 as they DO NOT provide installation service. #CustomerInconvenience #ApniDukan? #Fail
AmazonHelp,2022-06-02 10:47:56.589477,"@119536 I'm sorry for the unpleasant experience, I'd like to look into this closely. Kindly drop in your details 1/2 ^AH"
AmazonHelp,2022-06-02 10:47:56.690429,@119533 I'm sorry to know about the conflicting tracking update. Have you reported this to our team here: https://t.co/vlvfJrlYEH ? ^GK
Uber_Support,2022-06-02 10:47:56.791645,@119064 So sorry to hear this. Please send us a DM with your email address so we can help.
119064,2022-06-02 10:47:56.893363,"@Uber_Support So just a bot or didn't actually read the tweet?  I didn't think I could be more disappointed in your ""support"""
Uber_Support,2022-06-02 10:47:56.996865,@119537 We're here to help! Send us a DM with your email address and more details so we can follow up.
119537,2022-06-02 10:47:57.099155,"@115877 Hey there, I want like 5 sausage McMuffins. However, no restaurants show up on your app. Tryna help me out here? https://t.co/Sr2qZvJWlL"
Uber_Support,2022-06-02 10:47:57.200635,@119538 We're here to help! Send us a DM with your email address so we can follow up.
119538,2022-06-02 10:47:57.303617,@Uber_Support I did unfortunately no reply two days already
Uber_Support,2022-06-02 10:47:57.406246,@119538 Hi there! Please reach out to https://t.co/zUe0dj6yoX and fill out the 4 boxes at the bottom so we can get in touch.
119538,2022-06-02 10:47:57.485317,@115873 Received an email for $4 off in NY  Is this valid to all five Boroughs.  Extremely unfriendly help menu wasn't able to email Uber
Uber_Support,2022-06-02 10:47:57.587930,@119539 We can take a look! Send us a note via https://t.co/e8HVorX5rh so our team can get in touch.
119539,2022-06-02 10:47:57.689017,"*taxi is 3 minutes away
15 mins later still no change
@115873"
Uber_Support,2022-06-02 10:47:57.789681,@119540 Here to help. Send us a note at https://t.co/RY2a0oDSbF our team can connect.
119540,2022-06-02 10:47:57.892529,@115873 I changed my cellphone number and now can not log in on my app and it wonâ€™t let me change it online! Help!!!!
Uber_Support,2022-06-02 10:47:57.997635,@119541 Sorry to hear about that! Can you please contact us via https://t.co/1xM0TILvAI so our team can connect.
119541,2022-06-02 10:47:58.100136,@115873 I better not have been charged for the trip that my driver didnâ€™t show up for!
Uber_Support,2022-06-02 10:47:58.200894,@119542 Here to help. Send us a note at https://t.co/RY2a0oDSbF so our team can connect.
119542,2022-06-02 10:47:58.303091,"@Uber_Support good night, I can not change the phone number of my account"
Uber_Support,2022-06-02 10:47:58.406109,@119543 We can take a look! Send us a note via https://t.co/fS660rQ8NQ so our team can get in touch.
119543,2022-06-02 10:47:58.507239,@Uber_Support why is there no option to explain: â€œproblem with cancellation fee: MY DRIVER DID NOT SPEAK A WORD OF ENGLISH!â€
Uber_Support,2022-06-02 10:47:58.610035,@119544 Happy to help! Please reach out to https://t.co/FF2YGTGjuA so we can get in touch.
119544,2022-06-02 10:47:58.711178,"@Uber_Support Buying a 2nd hand car in QLD, Australia - want to know whether its been used as an Uber, how can I tell? Thanks"
Uber_Support,2022-06-02 10:47:58.814692,@119545 Here to help! Send us a note here https://t.co/R8Xm8aptls so we can further assist.
119545,2022-06-02 10:47:58.916445,Don't buy @115873 gift cards!!!! It's a scam!!! You use your GC# then it never shows in your account and charges your CC! #uberscam
Uber_Support,2022-06-02 10:47:59.018109,@119546 We're so sorry for the trouble. Send us a note via https://t.co/iOszeeHZhQ so we can assist.
119546,2022-06-02 10:47:59.120059,@Uber_Support I just needed some chicken nuggets babes.
119546,2022-06-02 10:47:59.228693,1 star âœ¨ to my @115873 driver who refused to take me to the @McDonalds drive thru.
Uber_Support,2022-06-02 10:47:59.331325,@119547 We're here to help! Send us a DM with your email address and more details so we can follow up.
119547,2022-06-02 10:47:59.437334,@115877 why doesnâ€™t your receipt tell me how Iâ€™m paying? I placed an order but wasnâ€™t asked how to pay &amp; your help section isnâ€™t helpful https://t.co/TIXHWugXJq
Uber_Support,2022-06-02 10:47:59.543569,@119548 Here to help! Connect with us through https://t.co/zUe0dj6yoX and we'll be in touch.
119548,2022-06-02 10:47:59.647947,@119549 @Uber_Support Pls help
119549,2022-06-02 10:47:59.751666,@Uber_Support hi can you please help my friend @119548
Tesco,2022-06-02 10:47:59.852535,"@119550 Sorry Nick, did you receive your delivery? - Ceri"
119550,2022-06-02 10:47:59.953504,@Tesco Any danger of my delivery arriving? Only been hour and half late so far!! GREAT SERVICE!!!
